Subdivision,ECF_Area_Code,Parcel_Number,Street_Address,Sale_Date,Sale_Price,Adj_Sale,Land_Value,Land_Yard,Bldg_Residual,Cost_Man,ECF,Building_Style
,,L -12-07-400-037,1716 W ELLSWORTH RD,08/31/21,135000,135000,40500,40500,94500,85257,45,
,,L -12-24-380-019,4405 TEXTILE RD,08/20/21,342000,342000,68361,90430,251570,174776,46,
,,L -12-25-300-008,6825 CARPENTER RD,05/26/22,430000,430000,88061,129943,300057,209075,46,
,,L -12-24-300-011,5695 CARPENTER RD,05/19/22,276400,276400,44600,51897,224503,164095,52,
,,L -12-25-100-008,4818 TEXTILE RD,11/10/21,507200,507200,114484,122212,384988,272239,54,
,,L -12-25-200-009,4010 TEXTILE RD,07/14/22,366000,366000,44600,56481,309519,233629,59,
,,L -12-24-200-036,5254 CRANE RD,04/29/21,233000,233000,51600,52408,180592,162921,66,
,,L -12-25-200-034,6453 CARPENTER RD,11/15/22,480175,480175,98850,102631,377544,240629,69,
,,L -12-07-400-033,1676 W ELLSWORTH RD,10/20/22,400000,400000,40500,57262,342738,327660,78,
,,L -12-23-300-005,5851 PLATT RD,07/23/21,260000,260000,51600,51600,208400,161837,73,
,,L -12-25-200-033,6473 CARPENTER RD,06/13/22,600000,600000,93940,115401,484599,510785,78,
,,L -12-04-480-006,2862 STONE SCHOOL RD,12/02/21,965000,965000,89000,98633,866367,199640,4.340,
ARBOR RIDGE,AR-1,L -12-13-401-001,4578 CHRISTINA DR,09/20/21,334000,334000,70700,75069,258931,228387,1.134,
ARBOR RIDGE,AR-1,L -12-13-401-012,4538 CHRISTINA DR,08/12/21,328800,328800,70700,78250,250550,235682,1.063,
WOODLANDS AR-2,ARBOR,L -12-13-305-020,4230 CLOVERLANE DR,06/25/21,360000,360000,76000,87151,272849,333640,0.818,
WOODLANDS AR-2,ARBOR,L -12-13-305-049,4243 CLOVERLANE DR,10/17/22,345000,345000,76000,86000,259000,319524,0.811,
ARBOR RIDGE CROSSINGS,AR-3,L -12-13-306-001,4443 MONTITH DR,11/19/21,531000,531000,105800,118245,412755,580043,0.712,TWO-STORY
ARBOR RIDGE CROSSINGS,AR-3,L -12-13-306-002,4431 MONTITH DR,10/26/22,582659,582659,105800,113426,469233,596502,0.787,TWO-STORY
ARBOR RIDGE CROSSINGS,AR-3,L -12-13-306-015,4214 LILAC LANE,10/11/22,583500,583500,105800,122215,461285,566807,0.814,TWO-STORY
ARBOR RIDGE CROSSINGS,AR-3,L -12-13-307-045,4287 LILAC LANE,05/20/22,540000,540000,105800,118857,421143,513913,0.819,TWO-STORY
ARBOR RIDGE CROSSINGS,AR-3,L -12-13-307-057,4284 LILAC LANE,07/26/22,551110,551110,105800,119922,431188,553250,0.779,TWO-STORY
ARBOR RIDGE CROSSINGS,AR-3,L -12-13-308-068,4119 MONTITH DR,11/02/22,570805,570805,105800,113828,456977,597727,0.765,TWO-STORY
ARBOR RIDGE CROSSINGS,AR-3,L -12-13-308-069,4121 MONTITH DR,06/27/22,509261,509261,105800,112222,397039,529031,0.751,TWO-STORY
ARBOR RIDGE CROSSINGS,AR-3,L -12-13-308-070,4123 MONTITH DR,06/10/22,474525,474525,105800,112222,362303,475883,0.761,TWO-STORY
ARBOR RIDGE CROSSINGS,AR-3,L -12-13-308-071,4125 MONTITH DR,03/04/22,560707,560707,105800,118927,441780,633195,0.698,TWO-STORY
ARBOR RIDGE CROSSINGS,AR-3,L -12-13-308-072,4127 MONTITH DR,02/09/22,468510,468510,105800,121910,346600,543270,0.638,TWO-STORY
ARBOR RIDGE CROSSINGS,AR-3,L -12-13-308-075,4133 MONTITH DR,08/06/21,453898,453898,105800,120954,332944,534030,0.623,TWO-STORY
ARBOR RIDGE CROSSINGS,AR-3,L -12-13-308-076,4135 MONTITH DR,02/04/22,518351,518351,105800,121910,396441,532663,0.744,TWO-STORY
ARBOR RIDGE CROSSINGS,AR-3,L -12-13-308-077,4137 MONTITH DR,12/30/21,539450,539450,105800,122877,416573,664518,0.627,TWO-STORY
ARBOR RIDGE CROSSINGS,AR-3,L -12-13-308-079,4143 MONTITH DR,06/24/21,416526,416526,105800,115109,301417,489041,0.616,TWO-STORY
ARBOR RIDGE CROSSINGS,AR-3,L -12-13-308-081,4149 MONTITH DR,05/25/21,479334,479334,105800,128593,350741,578422,0.606,TWO-STORY
ARBOR RIDGE CROSSINGS,AR-3,L -12-13-308-082,4151 MONTITH DR,07/14/21,446256,446256,105800,120540,325716,507465,0.642,TWO-STORY
ARBOR RIDGE CROSSINGS,AR-3,L -12-13-308-082,4151 MONTITH DR,07/01/22,650000,650000,105800,120540,529460,507465,1.043,TWO-STORY
ARBOR RIDGE CROSSINGS,AR-3,L -12-13-308-084,4155 MONTITH DR,11/30/21,457535,457535,105800,115185,342350,512130,0.668,TWO-STORY
ARBOR RIDGE CROSSINGS,AR-3,L -12-13-308-087,4163 MONTITH DR,08/11/21,486250,486250,105800,124247,362003,598185,0.605,TWO-STORY
ARBOR RIDGE CROSSINGS,AR-3,L -12-13-308-091,4175 MONTITH DR,02/16/22,497375,497375,105800,121910,375465,537956,0.698,TWO-STORY
ARBOR RIDGE CROSSINGS,AR-3,L -12-13-308-127,4146 MONTITH DR,01/28/22,470880,470880,105800,115464,355416,533529,0.666,TWO-STORY
ARBOR RIDGE CROSSINGS,AR-3,L -12-13-308-130,4138 MONTITH DR,02/25/22,524600,524600,105800,124487,400113,597439,0.670,TWO-STORY
ARBOR RIDGE CROSSINGS,AR-3,L -12-13-308-133,4132 MONTITH DR,03/21/22,481495,481495,105800,118927,362568,568326,0.638,TWO-STORY
ARBOR RIDGE CROSSINGS,AR-3,L -12-13-308-135,4128 MONTITH DR,05/18/22,485040,485040,105800,112048,372992,472217,0.790,TWO-STORY
ARBOR RIDGE CROSSINGS,AR-3,L -12-13-308-136,4126 MONTITH DR,03/25/22,554022,554022,105800,124595,429427,623465,0.689,TWO-STORY
ARBOR RIDGE CROSSINGS,AR-3,L -12-13-308-137,4124 MONTITH DR,05/23/22,523180,523180,105800,118632,404548,538776,0.751,TWO-STORY
ARBOR RIDGE CROSSINGS,AR-3,L -12-13-308-138,4122 MONTITH DR,07/27/22,528615,528615,105800,112222,416393,588812,0.707,TWO-STORY
ARBOR RIDGE CROSSINGS,AR-3,L -12-13-308-139,4120 MONTITH DR,09/07/22,536910,536910,105800,118024,418886,586527,0.714,TWO-STORY
ARBOR RIDGE CROSSINGS,AR-3,L -12-13-308-140,4118 MONTITH DR,09/12/22,521150,521150,105800,112222,408928,526947,0.776,TWO-STORY
ARBOR RIDGE CROSSINGS,AR-3,L -12-13-306-003,4419 MONTITH DR,11/18/22,611190,611190,105800,113611,497579,530123,0.939,ONE-STORY
ARBOR RIDGE CROSSINGS,AR-3,L -12-13-306-016,4218 LILAC LANE,04/18/22,500000,500000,105800,121624,378376,468490,0.808,ONE-STORY
ARBOR RIDGE CROSSINGS,AR-3,L -12-13-308-074,4131 MONTITH DR,08/20/21,478955,478955,105800,123810,355145,517375,0.686,ONE-STORY
ARBOR RIDGE CROSSINGS,AR-3,L -12-13-308-131,4136 MONTITH DR,02/28/22,507590,507590,105800,121910,385680,510196,0.756,ONE-STORY
ARBOR RIDGE CROSSINGS,AR-3,L -12-13-308-132,4134 MONTITH DR,05/12/22,497845,497845,105800,118024,379821,545849,0.696,ONE-STORY
ARBOR RIDGE -MEADOWS,AR-4,L -12-13-310-024,4470 CONNOR DR,05/25/22,481000,481000,89800,98613,382387,478554,0.799,
ARBOR RIDGE -MEADOWS,AR-4,L -12-13-311-043,4321 CHRISTINA CT,05/06/22,430000,430000,89800,102988,327012,451459,0.724,
ARBOR RIDGE -MEADOWS,AR-4,L -12-13-311-050,4324 CHRISTINA CT,06/18/21,415891,415891,89800,94901,320990,499278,0.643,
ARBOR RIDGE -MEADOWS,AR-4,L -12-13-311-052,4458 CHRISTINA DR,01/27/22,420000,420000,89800,96320,323680,446956,0.724,
ARBOR RIDGE -MEADOWS,AR-4,L -12-13-311-057,4930 PAULINA DR,07/09/21,365424,365424,89800,102893,262531,371187,0.707,
ARBOR RIDGE -MEADOWS,AR-4,L -12-13-311-058,4918 PAULINA DR,03/28/23,447000,447000,89800,99022,347978,432974,0.804,
ARBOR RIDGE -MEADOWS,AR-4,L -12-13-311-063,4782 PAULINA DR,10/13/22,452000,452000,89800,96025,355975,441282,0.807,
ARBOR RIDGE -MEADOWS,AR-4,L -12-06-310-034,2389 ROCKPORT CT,07/16/21,493000,493000,106300,117057,375943,353954,1.062,
ARBOR RIDGE -MEADOWS,AR-4,L -12-06-310-057,2727 MYSTIC DR,09/17/21,442000,442000,106300,119566,322434,298810,1.079,
ARBOR RIDGE -MEADOWS,AR-4,L -12-06-310-063,2782 MYSTIC DR,02/24/22,505000,505000,106300,116387,388613,355861,1.092,
ARBOR RIDGE -MEADOWS,AR-4,L -12-06-310-070,2676 CHATEAU CT,09/14/22,510000,510000,106300,116387,393613,368785,1.067,
ARBOR RIDGE -MEADOWS,AR-4,L -12-06-310-142,2258 BOULDER RIDGE BLVD,03/06/22,575000,575000,106300,115510,459490,437232,1.051,
ARBOR RIDGE -MEADOWS,AR-4,L -12-06-310-160,2291 SPRING RIDGE DR,04/29/22,700000,700000,106300,118765,581235,484150,1.201,
ARBOR RIDGE -MEADOWS,AR-4,L -12-06-310-162,2255 SPRING RIDGE DR,01/07/22,587100,587100,106300,116573,470527,452550,1.040,
ARBOR RIDGE -MEADOWS,AR-4,L -12-06-310-172,2359 SPRING RIDGE CT,06/09/22,580000,580000,106300,113674,466326,432369,1.079,
ARBOR RIDGE -MEADOWS,AR-4,L -12-06-310-174,2349 SPRING RIDGE CT,07/08/22,570000,570000,106300,124527,445473,436144,1.021,
ARBOR RIDGE -MEADOWS,AR-4,L -12-26-240-017,4244 ROLLING MEADOW LN,01/13/23,550000,550000,97800,116216,433784,495058,0.876,
ARBOR RIDGE -MEADOWS,AR-4,L -12-26-240-018,4232 ROLLING MEADOW LN,07/21/22,535000,535000,97800,121559,413441,519978,0.795,
ARBOR RIDGE -MEADOWS,AR-4,L -12-26-240-053,6493 HAWTHORNE AVE,12/09/22,525000,525000,97800,114815,410185,478235,0.858,
ARBOR RIDGE -MEADOWS,AR-4,L -12-26-240-057,4305 ROLLING MEADOW LN,11/16/21,520447,520447,97800,111029,409418,519345,0.788,
ARBOR RIDGE -MEADOWS,AR-4,L -12-26-240-079,4294 ROLLING MEADOW LN,10/08/21,466715,466715,97800,111403,355312,459569,0.773,
ARBOR RIDGE -MEADOWS,AR-4,L -12-12-226-002,4198 PACKARD RD,07/21/21,102250,102250,24600,24600,77650,70100,1.108,
ARBOR RIDGE -MEADOWS,AR-4,L -12-12-226-005,4190 PACKARD RD,09/29/22,130000,130000,24600,24600,105400,70100,1.504,
ARBOR RIDGE -MEADOWS,AR-4,L -12-12-226-007,4198 PACKARD RD,06/25/21,100000,100000,24600,24600,75400,68983,1.093,
ARBOR RIDGE -MEADOWS,AR-4,L -12-12-226-046,4200 PACKARD RD,08/02/21,125000,125000,24600,24600,100400,69918,1.436,
ARBOR RIDGE -MEADOWS,AR-4,L -12-26-305-008,3313 ROSLYN,02/28/23,469990,469990,109300,124283,345707,364796,0.948,ONE-STORY
ARBOR RIDGE -MEADOWS,AR-4,L -12-26-305-010,3341 ROSLYN,09/15/22,383055,383055,109300,124283,258772,349016,0.741,ONE-STORY
ARBOR RIDGE -MEADOWS,AR-4,L -12-26-305-011,3355 ROSLYN,09/22/22,433240,433240,109300,119932,313308,363723,0.861,ONE-STORY
ARBOR RIDGE -MEADOWS,AR-4,L -12-26-305-012,3369 ROSLYN,10/04/22,448815,448815,109300,124283,324532,373974,0.868,ONE-STORY
ARBOR RIDGE -MEADOWS,AR-4,L -12-26-305-013,3383 ROSLYN,09/28/22,383490,383490,109300,124283,259207,341231,0.760,ONE-STORY
ARBOR RIDGE -MEADOWS,AR-4,L -12-26-305-014,3397 ROSLYN,09/20/22,485915,485915,109300,124283,361632,412868,0.876,ONE-STORY
ARBOR RIDGE -MEADOWS,AR-4,L -12-26-305-023,3436 ROSLYN,11/23/22,620440,620440,109300,128297,492143,495211,0.994,ONE-STORY
ARBOR RIDGE -MEADOWS,AR-4,L -12-26-305-024,3422 ROSLYN,11/28/22,523540,523540,109300,124283,399257,416510,0.959,ONE-STORY
ARBOR RIDGE -MEADOWS,AR-4,L -12-26-305-026,3380 ROSLYN,10/26/22,543266,543266,109300,124283,418983,462771,0.905,ONE-STORY
ARBOR RIDGE -MEADOWS,AR-4,L -12-26-305-028,3352 ROSLYN,06/09/22,529940,529940,109300,124283,405657,432336,0.938,ONE-STORY
ARBOR RIDGE -MEADOWS,AR-4,L -12-26-305-029,3338 ROSLYN,06/14/22,469770,469770,109300,124283,345487,409933,0.843,ONE-STORY
ARBOR RIDGE -MEADOWS,AR-4,L -12-26-305-030,3324 ROSLYN,07/28/22,534215,534215,109300,124283,409932,492434,0.832,ONE-STORY
ARBOR RIDGE -MEADOWS,AR-4,L -12-26-305-032,3296 ROSLYN,04/26/22,502315,502315,109300,119824,382491,435361,0.879,ONE-STORY
ARBOR RIDGE -MEADOWS,AR-4,L -12-26-305-033,3280 ROSLYN,06/21/22,459245,459245,109300,124283,334962,431989,0.775,ONE-STORY
ARBOR RIDGE -MEADOWS,AR-4,L -12-26-305-036,3202 ROSLYN,10/19/22,482565,482565,109300,124283,358282,441528,0.811,ONE-STORY
ARBOR RIDGE -MEADOWS,AR-4,L -12-26-305-039,3520 COLT,11/18/22,590915,590915,109300,124283,466632,494557,0.944,ONE-STORY
ARBOR RIDGE -MEADOWS,AR-4,L -12-26-305-043,3464 COLT,10/06/22,475690,475690,109300,119932,355758,391817,0.908,ONE-STORY
ARBOR RIDGE -MEADOWS,AR-4,L -12-26-305-045,3534 COLT,02/24/23,540665,540665,109300,124283,416382,463913,0.898,ONE-STORY
ARBOR RIDGE -MEADOWS,AR-4,L -12-26-305-047,3562 COLT,01/25/23,442090,442090,109300,124283,317807,359762,0.883,ONE-STORY
ARBOR RIDGE -MEADOWS,AR-4,L -12-26-305-077,6542 FOOTHILL,02/14/23,523140,523140,109300,124283,398857,422411,0.944,ONE-STORY
ARBOR RIDGE -MEADOWS,AR-4,L -12-26-305-004,3257 ROSLYN,03/17/23,523415,523415,109300,124283,399132,496091,0.805,TWO-STORY
ARBOR RIDGE -MEADOWS,AR-4,L -12-26-305-005,3271 ROSLYN,03/28/23,514990,514990,109300,123849,391141,459310,0.852,TWO-STORY
ARBOR RIDGE -MEADOWS,AR-4,L -12-26-305-006,3285 ROSLYN,12/05/22,507990,507990,109300,124283,383707,470808,0.815,TWO-STORY
ARBOR RIDGE -MEADOWS,AR-4,L -12-26-305-007,3299 ROSLYN,04/01/22,522740,522740,109300,123745,398995,526341,0.758,TWO-STORY
ARBOR RIDGE -MEADOWS,AR-4,L -12-26-305-009,3327 ROSLYN,12/14/22,519990,519990,109300,123849,396141,459310,0.862,TWO-STORY
ARBOR RIDGE -MEADOWS,AR-4,L -12-26-305-015,3411 ROSLYN,07/19/22,555040,555040,109300,124283,430757,552678,0.779,TWO-STORY
ARBOR RIDGE -MEADOWS,AR-4,L -12-26-305-016,3425 ROSLYN,09/13/22,566265,566265,109300,128297,437968,528768,0.828,TWO-STORY
ARBOR RIDGE -MEADOWS,AR-4,L -12-26-305-017,3439 ROSLYN,08/13/22,595841,595841,109300,119932,475909,570514,0.834,TWO-STORY
ARBOR RIDGE -MEADOWS,AR-4,L -12-26-305-022,3450 ROSLYN,03/14/23,594265,594265,109300,128297,465968,519361,0.897,TWO-STORY
ARBOR RIDGE -MEADOWS,AR-4,L -12-26-305-025,3394 ROSLYN,10/26/22,622290,622290,109300,124283,498007,575216,0.866,TWO-STORY
ARBOR RIDGE -MEADOWS,AR-4,L -12-26-305-027,3366 ROSLYN,08/18/22,595240,595240,109300,124283,470957,562674,0.837,TWO-STORY
ARBOR RIDGE -MEADOWS,AR-4,L -12-26-305-031,3310 ROSLYN,06/02/22,568255,568255,109300,124283,443972,568239,0.781,TWO-STORY
ARBOR RIDGE -MEADOWS,AR-4,L -12-26-305-034,3254 ROSLYN,06/28/22,535576,535576,109300,128297,407279,500705,0.813,TWO-STORY
ARBOR RIDGE -MEADOWS,AR-4,L -12-26-305-035,3228 ROSLYN,06/23/22,571755,571755,109300,124283,447472,579424,0.772,TWO-STORY
ARBOR RIDGE -MEADOWS,AR-4,L -12-26-305-037,3547 COLT,09/02/22,519940,519940,109300,124283,395657,485151,0.816,TWO-STORY
ARBOR RIDGE -MEADOWS,AR-4,L -12-26-305-038,3561 COLT,11/09/22,591485,591485,109300,124283,467202,564124,0.828,TWO-STORY
ARBOR RIDGE -MEADOWS,AR-4,L -12-26-305-075,6509 FOOTHILL,03/10/23,556505,556505,109300,128297,428208,537579,0.797,TWO-STORY
ARBOR RIDGE -MEADOWS,AR-4,L -12-26-305-076,6528 FOOTHILL,02/15/23,697090,697090,109300,128297,568793,570303,0.997,TWO-STORY
ARBOR RIDGE -MEADOWS,AR-4,L -12-26-305-079,6570 FOOTHILL,12/13/22,702515,702515,109300,128297,574218,584240,0.983,TWO-STORY
ARBOR RIDGE -MEADOWS,AR-4,L -12-26-305-088,3575 COLT,12/20/22,678790,678790,109300,128297,550493,592731,0.929,TWO-STORY
ARBOR RIDGE -MEADOWS,AR-4,L -12-12-120-021,3275 HAWKS AVE,07/07/21,401000,401000,80400,108979,292021,322063,0.907,
ARBOR RIDGE -MEADOWS,AR-4,L -12-12-121-077,3315 CENTURY TRL,05/21/21,363000,363000,88620,98315,264685,372346,0.711,
ARBOR RIDGE -MEADOWS,AR-4,L -12-12-121-124,4702 CARTER PL,04/04/22,440000,440000,80400,89246,350754,354291,0.990,
ARBOR RIDGE -MEADOWS,AR-4,L -12-12-230-134,4450 BLOSSOM HILL TRL,07/26/21,405000,405000,88620,104086,300914,443184,0.679,
ARBOR RIDGE -MEADOWS,AR-4,L -12-12-230-137,4424 BLOSSOM HILL TRL,08/02/21,425000,425000,88620,98662,326338,428765,0.761,
ARBOR RIDGE -MEADOWS,AR-4,L -12-12-230-142,4378 BLOSSOM HILL TRL,06/23/22,500000,500000,84420,94926,405074,436279,0.928,
ARBOR RIDGE -MEADOWS,AR-4,L -12-12-230-192,4386 KNOLLCREST DR,04/16/21,360000,360000,80400,89486,270514,401850,0.673,
ARBOR RIDGE -MEADOWS,AR-4,L -12-24-400-023,5800 MUNGER RD,08/27/21,380000,380000,75000,90408,289592,386060,0.750,TWO-STORY
ARBOR RIDGE -MEADOWS,AR-4,L -12-24-400-024,5780 MUNGER RD,04/23/21,320000,320000,75000,86251,233749,346895,0.674,TWO-STORY
ARBOR RIDGE -MEADOWS,AR-4,L -12-24-410-003,5950 COTTONWOOD DR,02/08/22,397500,397500,75000,79401,318099,317081,1.003,TWO-STORY
ARBOR RIDGE -MEADOWS,AR-4,L -12-24-410-008,5953 CAYMAN BLVD,10/25/22,320000,320000,75000,83094,236906,257940,0.918,TWO-STORY
ARBOR RIDGE -MEADOWS,AR-4,L -12-24-415-011,5954 CAYMAN BLVD,07/09/21,325000,325000,75000,85475,239525,317925,0.753,TWO-STORY
ARBOR RIDGE -MEADOWS,AR-4,L -12-24-415-015,5884 COTTONWOOD DR,02/23/22,390000,390000,75000,84026,305974,315001,0.971,TWO-STORY
ARBOR RIDGE -MEADOWS,AR-4,L -12-24-415-018,5832 COTTONWOOD DR,08/13/21,378000,378000,75000,78695,299305,327865,0.913,TWO-STORY
ARBOR RIDGE -MEADOWS,AR-4,L -12-24-415-019,5812 COTTONWOOD DR,06/30/21,417000,417000,75000,84529,332471,361770,0.919,TWO-STORY
ARBOR RIDGE -MEADOWS,AR-4,L -12-24-415-023,5756 AMBER WAY,11/04/22,425000,425000,75000,82509,342491,333577,1.027,TWO-STORY
ARBOR RIDGE -MEADOWS,AR-4,L -12-24-425-169,4554 SYCAMORE DR,01/19/22,365000,365000,75000,88405,276595,320250,0.864,TWO-STORY
ARBOR RIDGE -MEADOWS,AR-4,L -12-24-425-205,4694 SYCAMORE DR,01/06/23,425000,425000,75000,92962,332038,366833,0.905,TWO-STORY
ARBOR RIDGE -MEADOWS,AR-4,L -12-24-435-031,4631 WHITE PINE CT,07/28/22,419900,419900,75000,91213,328687,339701,0.968,TWO-STORY
ARBOR RIDGE -MEADOWS,AR-4,L -12-24-435-039,5855 COTTONWOOD DR,10/08/21,340000,340000,75000,91390,248610,304760,0.816,TWO-STORY
ARBOR RIDGE -MEADOWS,AR-4,L -12-24-440-067,5949 SUNRISE DR,07/07/22,424000,424000,75000,84038,339962,274524,1.238,TWO-STORY
ARBOR RIDGE -MEADOWS,AR-4,L -12-24-445-102,5825 SOUTH ASHFORD WAY,08/30/21,305000,305000,75000,79051,225949,321437,0.703,TWO-STORY
ARBOR RIDGE -MEADOWS,AR-4,L -12-24-455-248,4886 SYCAMORE DR,09/29/22,392000,392000,75000,86257,305743,352712,0.867,TWO-STORY
ARBOR RIDGE -MEADOWS,AR-4,L -12-24-470-287,5703 SUNRISE DR,09/14/22,450000,450000,75000,89827,360173,365420,0.986,TWO-STORY
ARBOR RIDGE -MEADOWS,AR-4,L -12-24-470-310,5732 TIFFANY CT,07/12/21,435000,435000,75000,87127,347873,399578,0.871,TWO-STORY
ARBOR RIDGE -MEADOWS,AR-4,L -12-24-440-065,5953 SUNRISE DR,08/12/22,405953,405953,75000,84090,321863,380088,0.847,ONE-STORY
ARBOR RIDGE -MEADOWS,AR-4,L -12-24-440-076,5873 SUNRISE DR,11/28/22,345000,345000,75000,81376,263624,282201,0.934,ONE-STORY
ARBOR RIDGE -MEADOWS,AR-4,L -12-24-445-139,4762 NORTH ASHFORD WAY,07/11/22,381900,381900,75000,86805,295095,332263,0.888,ONE-STORY
ARBOR RIDGE -MEADOWS,AR-4,L -12-24-455-129,4785 NORTH ASHFORD WAY,09/13/21,347616,347616,75000,83591,264025,334995,0.788,ONE-STORY
ARBOR RIDGE -MEADOWS,AR-4,L -12-26-235-002,6344 TRUMPETER LN,05/19/22,238500,238500,46075,46075,192425,167883,1.146,
ARBOR RIDGE -MEADOWS,AR-4,L -12-26-235-031,3017 ORINOCO LN,03/28/23,245000,245000,48500,48500,196500,174890,1.124,
ARBOR RIDGE -MEADOWS,AR-4,L -12-26-235-067,6306 HARLEQUIN LN,04/23/21,224500,224500,48500,48500,176000,159354,1.104,
ARBOR RIDGE -MEADOWS,AR-4,L -12-26-235-110,3155 WIGEON LN,12/02/22,235000,235000,48500,48500,186500,160158,1.164,
ARBOR RIDGE -MEADOWS,AR-4,L -12-26-235-114,6389 SCOTER LN,06/13/22,242500,242500,48500,48500,194000,173638,1.117,
ARBOR RIDGE -MEADOWS,AR-4,L -12-06-305-009,2805 GREEN VALLEY DR,06/28/21,439000,439000,100600,111445,327555,259949,1.260,BOR
ARBOR RIDGE -MEADOWS,AR-4,L -12-06-305-012,2797 GREEN VALLEY DR,05/03/22,522000,522000,100600,116091,405909,275015,1.476,BOR
ARBOR RIDGE -MEADOWS,AR-4,L -12-06-305-057,3029 GREEN VALLEY DR,08/09/22,455000,455000,84500,93684,361316,253398,1.426,BOR
ARBOR RIDGE -MEADOWS,AR-4,L -12-06-305-059,3041 GREEN VALLEY DR,08/11/22,485000,485000,84500,88158,396842,270771,1.466,BOR
ARBOR RIDGE -MEADOWS,AR-4,L -12-06-305-060,3047 GREEN VALLEY DR,07/05/22,550000,550000,84500,100746,449254,293717,1.530,BOR
ARBOR RIDGE -MEADOWS,AR-4,L -12-06-305-101,2831 ASPEN RIDGE DR,08/18/22,443000,443000,90300,97182,345818,236943,1.459,BOR
ARBOR RIDGE -MEADOWS,AR-4,L -12-06-305-108,2717 ASPEN RIDGE DR,05/07/21,410000,410000,90300,101474,308526,238644,1.293,BOR
ARBOR RIDGE -MEADOWS,AR-4,L -12-06-305-112,2159 SPRING RIDGE DR,04/15/21,406500,406500,90300,100012,306488,229987,1.333,BOR
ARBOR RIDGE -MEADOWS,AR-4,L -12-06-305-118,2190 SPRING RIDGE DR,12/10/21,443000,443000,90300,100852,342148,259220,1.320,BOR
ARBOR RIDGE -MEADOWS,AR-4,L -12-06-305-004,2875 GREEN VALLEY DR,10/29/21,350000,350000,84500,91484,258516,191036,1.353,BOR-S
ARBOR RIDGE -MEADOWS,AR-4,L -12-06-305-007,2831 GREEN VALLEY DR,08/10/21,350000,350000,100600,104156,245844,216630,1.135,BOR-S
ARBOR RIDGE -MEADOWS,AR-4,L -12-06-305-029,2880 SILVER SPRING DR,11/24/21,400000,400000,84500,96211,303789,256321,1.185,BOR-S
ARBOR RIDGE -MEADOWS,AR-4,L -12-07-403-054,3599 BARRY KNOLL DR,07/28/22,570000,570000,127300,140919,429081,415927,1.032,
ARBOR RIDGE -MEADOWS,AR-4,L -12-07-405-040,3568 GREAT FALLS CIR,06/14/22,615000,615000,136200,150318,464682,468785,0.991,
ARBOR RIDGE -MEADOWS,AR-4,L -12-07-405-042,3584 GREAT FALLS CIR,04/11/22,579000,579000,136200,149352,429648,561696,0.765,
ARBOR RIDGE -MEADOWS,AR-4,L -12-07-407-085,3723 BRIAR PKWY,05/25/22,632000,632000,127300,136894,495106,594801,0.832,
ARBOR RIDGE -MEADOWS,AR-4,L -12-07-407-089,3718 CRYSTAL LAKE LN,05/19/21,569500,569500,127300,144153,425347,582695,0.730,
ARBOR RIDGE -MEADOWS,AR-4,L -12-07-407-099,3759 CRYSTAL LAKE LN,10/03/22,699000,699000,136200,146765,552235,644949,0.856,
ARBOR RIDGE -MEADOWS,AR-4,L -12-07-407-121,3672 BARRY KNOLL DR,03/28/22,736000,736000,136200,158931,577069,693238,0.832,
ARBOR RIDGE -MEADOWS,AR-4,L -12-07-407-122,3688 KNOLLWOOD CIR,02/08/22,640000,640000,136200,152436,487564,556182,0.877,
ARBOR RIDGE -MEADOWS,AR-4,L -12-07-408-158,3861 LAKE POINTE LN,07/15/22,708500,708500,136200,163340,545160,726119,0.751,
ARBOR RIDGE -MEADOWS,AR-4,L -12-07-410-010,3471 BURNHAM RD,05/10/21,524000,524000,110000,122009,401991,490199,0.820,
ARBOR RIDGE -MEADOWS,AR-4,L -12-32-301-002,7910 BISCAYNE WAY,12/07/22,566786,566786,118800,132762,434024,679175,0.639,TWO-STORY
ARBOR RIDGE -MEADOWS,AR-4,L -12-32-301-004,7860 BISCAYNE WAY,01/28/22,439295,439295,118800,132469,306826,496343,0.618,TWO-STORY
ARBOR RIDGE -MEADOWS,AR-4,L -12-32-301-005,7852 BISCAYNE WAY,03/17/22,568173,568173,118800,134856,433317,715876,0.605,TWO-STORY
ARBOR RIDGE -MEADOWS,AR-4,L -12-32-301-006,7840 BISCAYNE WAY,01/03/23,587171,587171,118800,134921,452250,682466,0.663,TWO-STORY
ARBOR RIDGE -MEADOWS,AR-4,L -12-32-301-007,7828 BISCAYNE WAY,07/20/22,564143,564143,118800,132599,431544,675232,0.639,TWO-STORY
ARBOR RIDGE -MEADOWS,AR-4,L -12-32-301-009,7810 BISCAYNE WAY,12/17/21,533160,533160,118800,126394,406766,677851,0.600,TWO-STORY
ARBOR RIDGE -MEADOWS,AR-4,L -12-32-301-010,7800 BISCAYNE WAY,09/14/22,618580,618580,118800,131493,487087,722501,0.674,TWO-STORY
ARBOR RIDGE -MEADOWS,AR-4,L -12-32-301-011,7809 BISCAYNE WAY,06/23/22,802752,802752,118800,134531,668221,942734,0.709,TWO-STORY
ARBOR RIDGE -MEADOWS,AR-4,L -12-32-301-015,1285 JUSTINE WAY,10/24/22,720002,720002,118800,134433,585569,791315,0.740,TWO-STORY
ARBOR RIDGE -MEADOWS,AR-4,L -12-32-301-018,1243 JUSTINE WAY,01/25/23,832179,832179,118800,128725,703454,800321,0.879,TWO-STORY
ARBOR RIDGE -MEADOWS,AR-4,L -12-32-301-024,7881 BEMIS RIDGE,01/31/23,585246,585246,118800,127698,457548,550505,0.831,TWO-STORY
ARBOR RIDGE -MEADOWS,AR-4,L -12-32-301-025,7897 BEMIS RIDGE,02/14/23,507774,507774,118800,132615,375159,550575,0.681,TWO-STORY
ARBOR RIDGE -MEADOWS,AR-4,L -12-32-301-028,7949 BEMIS RIDGE,03/03/23,471615,471615,118800,126329,345286,493757,0.699,TWO-STORY
ARBOR RIDGE -MEADOWS,AR-4,L -12-32-301-032,7962 BEMIS RIDGE,03/03/23,583412,583412,118800,138790,444622,611037,0.728,TWO-STORY
ARBOR RIDGE -MEADOWS,AR-4,L -12-32-301-039,1242 ROBERT WAY,02/17/23,469280,469280,118800,132477,336803,507920,0.663,TWO-STORY
ARBOR RIDGE -MEADOWS,AR-4,L -12-32-301-051,1282 JUSTINE WAY,12/16/22,574190,574190,118800,133380,440810,716750,0.615,TWO-STORY
ARBOR RIDGE -MEADOWS,AR-4,L -12-32-301-008,7822 BISCAYNE WAY,11/22/22,551228,551228,118800,132860,418368,538232,0.777,ONE-STORY
ARBOR RIDGE -MEADOWS,AR-4,L -12-32-301-027,7931 BEMIS RIDGE,03/07/23,495255,495255,118800,133678,361577,474429,0.762,ONE-STORY
ARBOR RIDGE -MEADOWS,AR-4,L -12-23-210-005,3081 BRIDGEFIELD DR,09/21/21,455000,455000,97000,116825,338175,387357,0.873,
ARBOR RIDGE -MEADOWS,AR-4,L -12-23-210-006,3065 BRIDGEFIELD DR,09/17/21,400000,400000,97000,107845,292155,344892,0.847,
ARBOR RIDGE -MEADOWS,AR-4,L -12-23-210-024,3183 ROSEFIELD DR,12/20/22,454000,454000,97000,108318,345682,376529,0.918,
ARBOR RIDGE -MEADOWS,AR-4,L -12-23-210-041,5358 FALLING LEAF DR,03/17/22,470000,470000,97000,106715,363285,353338,1.028,
ARBOR RIDGE -MEADOWS,AR-4,L -12-23-210-047,3156 BRIDGEFIELD DR,07/22/22,525000,525000,97000,106730,418270,365614,1.144,
ARBOR RIDGE -MEADOWS,AR-4,L -12-23-210-050,3210 BRIDGEFIELD DR,07/28/21,483250,483250,104300,127396,355854,397480,0.895,
ARBOR RIDGE -MEADOWS,AR-4,L -12-23-210-052,3236 BRIDGEFIELD DR,11/30/22,445000,445000,104300,116903,328097,328404,0.999,
ARBOR RIDGE -MEADOWS,AR-4,L -12-23-210-057,5337 FALLING LEAF DR,06/30/22,522000,522000,97000,109475,412525,386075,1.069,
ARBOR RIDGE -MEADOWS,AR-4,L -12-23-210-060,5291 FALLING LEAF DR,05/02/22,502500,502500,97000,108408,394092,358418,1.100,
ARBOR RIDGE -MEADOWS,AR-4,L -12-07-314-001,2461 FORTUNA WAY,06/30/21,638600,638600,116300,125747,512853,761965,0.673,
ARBOR RIDGE -MEADOWS,AR-4,L -12-07-314-003,2425 FORTUNA WAY,09/30/21,586380,586380,116300,126140,460240,711027,0.647,
ARBOR RIDGE -MEADOWS,AR-4,L -12-07-314-006,2371 FORTUNA WAY,09/25/21,599900,599900,116300,125654,474246,706644,0.671,
ARBOR RIDGE -MEADOWS,AR-4,L -12-07-314-008,2335 FORTUNA WAY,08/31/21,499281,499281,116300,128449,370832,566433,0.655,
ARBOR RIDGE -MEADOWS,AR-4,L -12-07-314-011,3768 BELLA VISTA DRIVE,08/31/21,588590,588590,127900,140449,448141,694235,0.646,
ARBOR RIDGE -MEADOWS,AR-4,L -12-07-314-015,3792 BELLA VISTA DRIVE,11/12/21,664975,664975,127900,139466,525509,802842,0.655,
ARBOR RIDGE -MEADOWS,AR-4,L -12-07-314-017,3806 BELLA VISTA DRIVE,08/27/21,678730,678730,122100,133084,545646,821864,0.664,
ARBOR RIDGE -MEADOWS,AR-4,L -12-07-314-049,2354 FORTUNA WAY,09/14/21,664665,664665,127900,137352,527313,816459,0.646,
ARBOR RIDGE -MEADOWS,AR-4,L -12-07-314-051,2390 FORTUNA WAY,10/26/21,624440,624440,127900,137740,486700,742121,0.656,
ARBOR RIDGE -MEADOWS,AR-4,L -12-30-210-042,2254 WINDMILL WAY,07/14/22,630000,630000,154710,170212,459788,662048,0.694,
ARBOR RIDGE -MEADOWS,AR-4,L -12-30-220-100,6470 BROOKVIEW DR,06/17/22,1130000,1130000,171900,209729,920271,987462,0.932,
ARBOR RIDGE -MEADOWS,AR-4,L -12-30-220-101,6460 BROOKVIEW DR,11/05/21,740000,740000,171900,201439,538561,890066,0.605,
ARBOR RIDGE -MEADOWS,AR-4,L -12-07-215-003,3580 BELLA VISTA DRIVE,09/30/21,559320,559320,113100,116536,442784,452374,0.979,
ARBOR RIDGE -MEADOWS,AR-4,L -12-07-215-004,3574 BELLA VISTA DRIVE,09/28/21,505835,505835,113100,116536,389299,447019,0.871,
ARBOR RIDGE -MEADOWS,AR-4,L -12-07-215-005,3562 BELLA VISTA DRIVE,12/30/21,623902,623902,118100,121536,502366,565987,0.888,
ARBOR RIDGE -MEADOWS,AR-4,L -12-07-215-006,3556 BELLA VISTA DRIVE,12/29/21,563385,563385,118100,121364,442021,470522,0.939,
ARBOR RIDGE -MEADOWS,AR-4,L -12-07-215-007,3544 BELLA VISTA DRIVE,10/29/21,615000,615000,118100,124902,490098,549248,0.892,
ARBOR RIDGE -MEADOWS,AR-4,L -12-07-215-008,3538 BELLA VISTA DRIVE,11/30/21,575000,575000,118100,124113,450887,463104,0.974,
ARBOR RIDGE -MEADOWS,AR-4,L -12-07-215-013,3472 BELLA VISTA DRIVE,10/15/21,528917,528917,107700,111480,417437,463330,0.901,
ARBOR RIDGE -MEADOWS,AR-4,L -12-07-215-014,3466 BELLA VISTA DRIVE,10/15/21,503300,503300,107700,111480,391820,453013,0.865,
ARBOR RIDGE -MEADOWS,AR-4,L -12-07-215-026,3358 BELLA VISTA DRIVE,03/14/22,495000,495000,107700,112291,382709,417473,0.917,
ARBOR RIDGE -MEADOWS,AR-4,L -12-07-215-043,2129 CASTELLO CIRCLE,04/26/21,535805,535805,118100,123201,412604,465731,0.886,
ARBOR RIDGE -MEADOWS,AR-4,L -12-07-215-045,2141 CASTELLO CIRCLE,05/03/21,612815,612815,118100,122351,490464,559708,0.876,
ARBOR RIDGE -MEADOWS,AR-4,L -12-07-215-055,3549 BELLA VISTA DRIVE,11/19/21,531507,531507,107700,111480,420027,448864,0.936,
ARBOR RIDGE -MEADOWS,AR-4,L -12-07-215-056,3555 BELLA VISTA DRIVE,11/30/21,529380,529380,113100,116536,412844,454817,0.908,
ARBOR RIDGE -MEADOWS,AR-4,L -12-29-125-058,6051 WILSON RD,07/22/21,520000,520000,121800,136811,383189,494538,76,
ARBOR RIDGE -MEADOWS,AR-4,L -12-29-130-077,6229 WILSON RD,05/07/21,515000,515000,121800,140235,374765,472729,77,
ARBOR RIDGE -MEADOWS,AR-4,L -12-29-135-088,6176 WILSON RD,02/24/23,550000,550000,121800,132384,417616,512680,76,
ARBOR RIDGE -MEADOWS,AR-4,L -12-29-135-104,6446 WILSON RD,08/31/22,519000,519000,121800,147269,371731,495046,80,
ARBOR RIDGE -MEADOWS,AR-4,L -12-29-130-147,1068 BICENTENNIAL PKWY,06/30/22,712500,712500,121800,135223,577277,754407,87,
ARBOR RIDGE -MEADOWS,AR-4,L -12-29-130-150,1094 BICENTENNIAL PKWY,06/10/21,586500,586500,121800,139793,446707,611448,81,
ARBOR RIDGE -MEADOWS,AR-4,L -12-29-115-214,1155 INNSBROOK CT,05/09/22,850000,850000,169700,188382,661618,821688,0.805,
ARBOR RIDGE -MEADOWS,AR-4,L -12-29-145-137,1281 BICENTENNIAL PKWY,05/06/22,885000,885000,169700,191754,693246,894876,0.775,
ARBOR RIDGE -MEADOWS,AR-4,L -12-29-145-183,6369 EDGEWOOD DR,03/25/22,863000,863000,169700,195603,667397,826811,0.807,
ARBOR RIDGE -MEADOWS,AR-4,L -12-33-210-014,834 COUNTRY CREEK DR,07/15/22,413000,413000,83000,96501,316499,360106,0.879,
ARBOR RIDGE -MEADOWS,AR-4,L -12-33-210-025,901 COUNTRY CREEK DR,07/15/22,365000,365000,83000,94708,270292,372065,0.726,
ARBOR RIDGE -MEADOWS,AR-4,L -12-33-210-032,973 COUNTRY CREEK DR,09/03/21,411000,411000,83000,96810,314190,427314,0.735,
ARBOR RIDGE -MEADOWS,AR-4,L -12-13-210-078,4160 WOODCREEK DR,03/04/22,335000,335000,69300,72942,262058,329975,0.794,
ARBOR RIDGE -MEADOWS,AR-4,L -12-13-215-043,4088 RIDGEWOOD DR,04/12/21,345000,345000,69300,79079,265921,318306,0.835,
ARBOR RIDGE -MEADOWS,AR-4,L -12-13-215-158,4286 RIDGEWOOD DR,07/22/21,399800,399800,69300,79934,319866,395909,0.808,
ARBOR RIDGE -MEADOWS,AR-4,L -12-13-225-127,4259 WOODSTREAM DR,11/08/21,315000,315000,69300,72991,242009,292008,0.829,
ARBOR RIDGE -MEADOWS,AR-4,L -12-13-225-131,4333 WOODSTREAM DR,02/21/23,361000,361000,69300,77385,283615,286843,0.989,
ARBOR RIDGE -MEADOWS,AR-4,L -12-08-320-003,3811 SANTA FE TRL,05/24/22,370000,370000,80700,83479,286521,274463,1.044,
ARBOR RIDGE -MEADOWS,AR-4,L -12-08-320-011,3824 SANTA FE TRL,12/29/22,430000,430000,80700,86465,343535,361784,0.950,
ARBOR RIDGE -MEADOWS,AR-4,L -12-08-320-031,3982 BRIDLE PASS,12/16/21,369000,369000,80700,85142,283858,307843,0.922,
ARBOR RIDGE -MEADOWS,AR-4,L -12-32-201-001,1328 GALLERY POINTE DR,02/02/22,464821,464821,115800,119541,345280,380686,0.907,
ARBOR RIDGE -MEADOWS,AR-4,L -12-32-201-002,1334 GALLERY POINTE DR,01/05/22,609375,609375,115800,119752,489623,622011,0.787,
ARBOR RIDGE -MEADOWS,AR-4,L -12-32-201-003,7064 BLACK CHERRY LANE,09/02/22,451278,451278,115800,121921,329357,441840,0.745,
ARBOR RIDGE -MEADOWS,AR-4,L -12-32-201-004,7070 BLACK CHERRY LANE,08/12/22,583504,583504,115800,121921,461583,513337,0.899,
ARBOR RIDGE -MEADOWS,AR-4,L -12-32-201-005,7076 BLACK CHERRY LANE,08/11/22,483646,483646,115800,122549,361097,427679,0.844,
ARBOR RIDGE -MEADOWS,AR-4,L -12-32-201-006,7082 BLACK CHERRY LANE,03/09/23,885898,885898,115800,120525,765373,728548,1.051,
ARBOR RIDGE -MEADOWS,AR-4,L -12-32-201-007,7088 BLACK CHERRY LANE,02/01/23,539137,539137,115800,121008,418129,428331,0.976,
ARBOR RIDGE -MEADOWS,AR-4,L -12-32-201-008,7094 BLACK CHERRY LANE,11/09/22,508641,508641,115800,120574,388067,432720,0.897,
ARBOR RIDGE -MEADOWS,AR-4,L -12-27-305-033,731 HATFIELD CIR,02/21/23,485000,485000,90900,101459,383541,376863,1.018,
ARBOR RIDGE -MEADOWS,AR-4,L -12-27-305-045,665 MARBLEWOOD LN,07/29/22,420000,420000,90900,105708,314292,377529,0.832,
ARBOR RIDGE -MEADOWS,AR-4,L -12-27-305-093,626 MARBLEWOOD LN,05/19/22,520000,520000,90900,100887,419113,489134,0.857,
ARBOR RIDGE -MEADOWS,AR-4,L -12-27-305-096,6504 HEARTWOOD LN,10/07/22,446000,446000,90900,102683,343317,447714,0.767,
ARBOR RIDGE -MEADOWS,AR-4,L -12-27-305-104,6517 CAMPBELL RD,05/12/21,424600,424600,90900,105590,319010,368211,0.866,
ARBOR RIDGE -MEADOWS,AR-4,L -12-07-210-021,2338 DAHLIA CT,01/07/22,482500,482500,107700,115792,366708,351146,1.044,
ARBOR RIDGE -MEADOWS,AR-4,L -12-07-210-036,3388 TIGER LILY DR,03/10/22,500000,500000,98300,106137,393863,373893,1.053,
ARBOR RIDGE -MEADOWS,AR-4,L -12-07-210-046,3212 TIGER LILY DR,03/25/22,503000,503000,98300,109192,393808,361253,1.090,
ARBOR RIDGE -MEADOWS,AR-4,L -12-07-210-069,3037 APPLERIDGE DR,10/12/22,450000,450000,98300,106137,343863,343979,1.000,
ARBOR RIDGE -MEADOWS,AR-4,L -12-07-210-100,3427 HONEYSUCKLE CT,10/19/21,535000,535000,107700,122500,412500,462464,0.892,
ARBOR RIDGE -MEADOWS,AR-4,L -12-07-210-150,3085 HONEYSUCKLE DR,06/02/22,650000,650000,107700,115156,534844,470511,1.137,
ARBOR RIDGE -MEADOWS,AR-4,L -12-07-210-155,3138 HONEYSUCKLE DR,06/15/22,452500,452500,107700,115665,336835,294905,1.142,
ARBOR RIDGE -MEADOWS,AR-4,L -12-07-220-003,2220 OLD FALLS DR,05/20/22,576500,576500,109300,124238,452262,605626,0.747,
ARBOR RIDGE -MEADOWS,AR-4,L -12-07-220-009,2235 OLD FALLS DR,04/14/21,539100,539100,109300,120735,418365,619389,0.675,
ARBOR RIDGE -MEADOWS,AR-4,L -12-18-305-003,4768 SAWGRASS DR E,07/20/21,515000,515000,111200,111200,403800,483514,0.835,
ARBOR RIDGE -MEADOWS,AR-4,L -12-18-305-013,4644 SAWGRASS DR E,10/14/22,580000,580000,111200,111200,468800,490695,0.955,
ARBOR RIDGE -MEADOWS,AR-4,L -12-18-310-002,4751 SAWGRASS DR E,09/29/22,610000,610000,111200,111200,498800,528256,0.944,
ARBOR RIDGE -MEADOWS,AR-4,L -12-18-310-004,4717 SAWGRASS DR E,10/15/21,479000,479000,111200,111200,367800,442191,0.832,
ARBOR RIDGE -MEADOWS,AR-4,L -12-18-310-011,4625 SAWGRASS DR E,06/06/22,611000,611000,111200,111200,499800,593914,0.842,
ARBOR RIDGE -MEADOWS,AR-4,L -12-18-325-064,4980 DORAL DR,12/10/21,536500,536500,111200,120658,415842,479371,0.867,
ARBOR RIDGE -MEADOWS,AR-4,L -12-18-425-007,1783 STONEBRIDGE DR N,05/09/22,529000,529000,111200,119486,409514,410714,0.997,
ARBOR RIDGE -MEADOWS,AR-4,L -12-18-425-045,4885 DORAL DR,03/01/22,587500,587500,111200,121559,465941,503847,0.925,
ARBOR RIDGE -MEADOWS,AR-4,L -12-19-220-014,2234 TWIN ISLANDS CT,01/20/22,620000,620000,122320,128677,491323,553026,0.888,
ARBOR RIDGE -MEADOWS,AR-4,L -12-08-260-003,1449 HEATHERWOOD LN,07/29/22,239900,239900,48400,48400,191500,163862,1.169,
ARBOR RIDGE -MEADOWS,AR-4,L -12-08-260-011,1413 HEATHERWOOD LN,03/15/23,279000,279000,48400,48400,230600,161914,1.424,
ARBOR RIDGE -MEADOWS,AR-4,L -12-08-260-013,1419 HEATHERWOOD LN,05/13/21,225000,225000,48400,48400,176600,184020,0.960,
ARBOR RIDGE -MEADOWS,AR-4,L -12-08-260-016,1409 HEATHERWOOD LN,07/09/21,236000,236000,48400,48400,187600,182049,1.030,
ARBOR RIDGE -MEADOWS,AR-4,L -12-08-260-029,1392 HEATHERWOOD LN,08/09/21,200000,200000,48400,48400,151600,148161,1.023,
ARBOR RIDGE -MEADOWS,AR-4,L -12-08-260-053,1333 HEATHERWOOD LN,10/27/22,250000,250000,48400,48400,201600,175743,1.147,
ARBOR RIDGE -MEADOWS,AR-4,L -12-08-260-054,1327 HEATHERWOOD LN,04/06/21,190000,190000,48400,48400,141600,163934,0.864,
ARBOR RIDGE -MEADOWS,AR-4,L -12-08-260-058,1329 HEATHERWOOD LN,10/28/22,225000,225000,48400,48400,176600,164461,1.074,
ARBOR RIDGE -MEADOWS,AR-4,L -12-08-260-062,1326 HEATHERWOOD LN,10/08/21,170000,170000,48400,48400,121600,150242,0.809,
ARBOR RIDGE -MEADOWS,AR-4,L -12-08-260-064,1322 HEATHERWOOD LN,12/03/21,208000,208000,48400,48400,159600,150224,1.062,
ARBOR RIDGE -MEADOWS,AR-4,L -12-08-260-073,1294 HEATHERWOOD LN,03/03/23,245000,245000,48400,48400,196600,162134,1.213,
ARBOR RIDGE -MEADOWS,AR-4,L -12-08-260-088,1251 HEATHERWOOD LN,11/10/22,243000,243000,48400,48400,194600,169124,1.151,
ARBOR RIDGE -MEADOWS,AR-4,L -12-08-260-099,1273 MILLBROOK TRL,08/13/21,231100,231100,48400,48400,182700,180091,1.014,
ARBOR RIDGE -MEADOWS,AR-4,L -12-08-260-104,1305 MILLBROOK TRL,05/11/22,231000,231000,48400,48400,182600,151215,1.208,
ARBOR RIDGE -MEADOWS,AR-4,L -12-08-260-125,1327 MILLBROOK TRL,10/19/22,247500,247500,48400,48400,199100,161128,1.236,
ARBOR RIDGE -MEADOWS,AR-4,L -12-08-260-136,1355 MILLBROOK TRL,05/16/22,230000,230000,48400,48400,181600,157186,1.155,
ARBOR RIDGE -MEADOWS,AR-4,L -12-08-260-143,1381 MILLBROOK TRL,07/15/22,250000,250000,48400,48400,201600,162569,1.240,
ARBOR RIDGE -MEADOWS,AR-4,L -12-08-260-153,1403 MILLBROOK TRL,01/21/22,220000,220000,48400,48400,171600,163463,1.050,
ARBOR RIDGE -MEADOWS,AR-4,L -12-08-260-156,1399 MILLBROOK TRL,09/27/22,230000,230000,48400,48400,181600,151743,1.197,
ARBOR RIDGE -MEADOWS,AR-4,L -12-08-260-166,1421 MILLBROOK TRL,12/17/21,200000,200000,48400,48400,151600,154631,0.980,
ARBOR RIDGE -MEADOWS,AR-4,L -12-08-260-178,1452 MILLBROOK TRL,03/04/22,260000,260000,48400,48400,211600,166492,1.271,
ARBOR RIDGE -MEADOWS,AR-4,L -12-08-260-187,1468 MILLBROOK TRL,06/24/22,265500,265500,48400,48400,217100,168420,1.289,
ARBOR RIDGE -MEADOWS,AR-4,L -12-08-270-041,1422 FOX POINTE CIR,06/10/22,265500,265500,48400,48400,217100,203008,1.069,
ARBOR RIDGE -MEADOWS,AR-4,L -12-08-270-044,1432 FOX POINTE CIR,06/16/21,237000,237000,48400,48400,188600,192054,0.982,
ARBOR RIDGE -MEADOWS,AR-4,L -12-08-270-062,1486 FOX POINTE CIR,07/06/22,276000,276000,48400,48400,227600,191445,1.189,
ARBOR RIDGE -MEADOWS,AR-4,L -12-08-270-065,1482 FOX POINTE CIR,05/20/22,235000,235000,48400,48400,186600,193034,0.967,
ARBOR RIDGE -MEADOWS,AR-4,L -12-08-270-074,1493 FOX POINTE CIR,12/17/21,232000,232000,48400,48400,183600,194382,0.945,
ARBOR RIDGE -MEADOWS,AR-4,L -12-23-350-007,5770 GLEN CREEK CT,09/10/21,350000,350000,80000,88878,261122,269589,0.969,
ARBOR RIDGE -MEADOWS,AR-4,L -12-23-350-023,5787 GLEN CREEK CT,05/06/21,413000,413000,80000,92008,320992,329226,0.975,
ARBOR RIDGE -MEADOWS,AR-4,L -12-23-350-029,3140 POTOMAC CT,04/06/21,451500,451500,80000,91120,360380,437697,0.823,
ARBOR RIDGE -MEADOWS,AR-4,L -12-23-350-031,3176 POTOMAC CT,12/20/21,401000,401000,80000,84525,316475,326490,0.969,
ARBOR RIDGE -MEADOWS,AR-4,L -12-23-350-035,3248 POTOMAC CT,11/10/22,385000,385000,80000,91088,293912,274241,1.072,
ARBOR RIDGE -MEADOWS,AR-4,L -12-23-350-045,3123 POTOMAC CT,08/04/22,450000,450000,80000,84277,365723,307195,1.191,
ARBOR RIDGE -MEADOWS,AR-4,L -12-26-480-007,6943 WILDWOOD DR,12/06/21,402000,402000,74600,115652,286348,342566,0.836,
ARBOR RIDGE -MEADOWS,AR-4,L -12-26-481-012,3757 DOGWOOD CT,12/16/21,310000,310000,74600,77737,232263,294734,0.788,
ARBOR RIDGE -MEADOWS,AR-4,L -12-26-481-016,3920 HICKORY HOLLOW DR,12/21/22,285000,285000,74600,83312,201688,228897,0.881,
ARBOR RIDGE -MEADOWS,AR-4,L -12-26-481-026,3763 HICKORY HOLLOW DR,12/14/22,492500,492500,74600,94034,398466,330794,1.205,
ARBOR RIDGE -MEADOWS,AR-4,L -12-24-111-024,5063 BLUE SPRUCE DR,07/08/22,350000,350000,77800,93629,256371,304180,0.843,
ARBOR RIDGE -MEADOWS,AR-4,L -12-24-111-025,5081 BLUE SPRUCE DR,06/10/22,365000,365000,77800,91326,273674,298076,0.918,
ARBOR RIDGE -MEADOWS,AR-4,L -12-24-111-030,5129 BLUE SPRUCE DR,07/08/22,370000,370000,77800,85699,284301,358877,0.792,
ARBOR RIDGE -MEADOWS,AR-4,L -12-24-111-102,5120 PECAN DR,06/03/22,455000,455000,77800,83185,371815,401594,0.926,
ARBOR RIDGE -MEADOWS,AR-4,L -12-24-111-104,5090 PECAN DR,02/24/23,439000,439000,77800,86020,352980,395751,0.892,
ARBOR RIDGE -MEADOWS,AR-4,L -12-24-111-221,4761 SHELLBARK DR,03/30/23,480000,480000,77800,89017,390983,499457,0.783,
ARBOR RIDGE -MEADOWS,AR-4,L -12-24-112-045,5166 BLUE SPRUCE DR,04/23/21,325000,325000,77800,88811,236189,303681,0.778,
ARBOR RIDGE -MEADOWS,AR-4,L -12-24-112-207,4958 GINGKO DR,05/02/22,503000,503000,68000,77309,425691,524934,0.811,
ARBOR RIDGE -MEADOWS,AR-4,L -12-24-113-125,4876 HICKORY POINTE BLVD,06/15/22,462000,462000,77800,86810,375190,427451,0.878,
ARBOR RIDGE -MEADOWS,AR-4,L -12-24-113-126,4860 HICKORY POINTE BLVD,09/20/21,419900,419900,77800,94513,325387,399118,0.815,
ARBOR RIDGE -MEADOWS,AR-4,L -12-24-114-087,5109 BUCKLEY DR,10/27/21,400000,400000,81690,89910,310090,389486,0.796,
ARBOR RIDGE -MEADOWS,AR-4,L -12-24-114-088,5123 BUCKLEY DR,06/10/21,450000,450000,81690,97220,352780,438470,0.805,
ARBOR RIDGE -MEADOWS,AR-4,L -12-24-114-089,5139 BUCKLEY DR,08/30/21,400000,400000,81690,95951,304049,354176,0.858,
ARBOR RIDGE -MEADOWS,AR-4,L -12-24-116-253,4816 SHELLBARK DR,12/29/21,414990,414990,77800,94833,320157,391894,0.817,
ARBOR RIDGE -MEADOWS,AR-4,L -12-24-116-255,4868 SHELLBARK DR,08/08/22,430000,430000,77800,92340,337660,429805,0.786,
ARBOR RIDGE -MEADOWS,AR-4,L -12-27-110-003,1466 HIDDEN CREEK S,11/22/21,368000,368000,83400,88532,279468,264120,1.058,
ARBOR RIDGE -MEADOWS,AR-4,L -12-27-112-010,6471 BEDVIEW DR,08/29/22,402500,402500,83400,95228,307272,267461,1.149,
ARBOR RIDGE -MEADOWS,AR-4,L -12-27-113-017,1475 HIDDEN CREEK N,01/27/23,375000,375000,83400,88965,286035,264418,1.082,
ARBOR RIDGE -MEADOWS,AR-4,L -12-27-114-028,1431 HIDDEN CREEK S,01/27/23,366000,366000,83400,86956,279044,234228,1.191,
ARBOR RIDGE -MEADOWS,AR-4,L -12-27-115-037,1346 HIDDEN CREEK N,07/22/22,460000,460000,83400,90048,369952,339164,1.091,
ARBOR RIDGE -MEADOWS,AR-4,L -12-27-116-057,1343 HIDDEN CREEK N,04/14/22,372500,372500,83400,88532,283968,243032,1.168,
ARBOR RIDGE -MEADOWS,AR-4,L -12-28-461-006,285 TAMARACK DR,12/02/21,410000,410000,83300,86245,323755,229470,1.411,
ARBOR RIDGE -MEADOWS,AR-4,L -12-33-101-002,228 WINCHESTER DR,10/27/22,530000,530000,110000,159914,370086,414494,0.893,
ARBOR RIDGE -MEADOWS,AR-4,L -12-33-101-010,340 WINCHESTER DR,07/29/22,650000,650000,110000,155004,494996,463284,1.068,
ARBOR RIDGE -MEADOWS,AR-4,L -12-33-102-036,273 WINCHESTER DR,06/30/21,590000,590000,110000,125143,464857,468098,0.993,
ARBOR RIDGE -MEADOWS,AR-4,L -12-33-103-060,7427 STEEPLECHASE DR,06/24/21,585000,585000,110000,135918,449082,588798,0.763,
ARBOR RIDGE -MEADOWS,AR-4,L -12-33-104-072,7207 STEEPLECHASE DR,04/07/21,475000,475000,110000,131865,343135,451534,0.760,
ARBOR RIDGE -MEADOWS,AR-4,L -12-20-401-039,724 GROVELAND CIRCLE,05/05/22,600000,600000,102300,124445,475555,651326,0.730,
ARBOR RIDGE -MEADOWS,AR-4,L -12-20-401-055,861 GROVELAND CIRCLE,10/15/21,590970,590970,102300,110975,479995,770358,0.623,
ARBOR RIDGE -MEADOWS,AR-4,L -12-20-401-060,851 GROVELAND CIRCLE,05/26/22,605000,605000,102300,115803,489197,609985,0.802,
ARBOR RIDGE -MEADOWS,AR-4,L -12-20-401-076,542 WISHING TREE LANE,05/21/21,455665,455665,102300,113555,342110,580133,0.590,
ARBOR RIDGE -MEADOWS,AR-4,L -12-20-401-078,550 WISHING TREE LANE,08/06/21,474125,474125,102300,111462,362663,644750,0.562,
ARBOR RIDGE -MEADOWS,AR-4,L -12-20-401-091,886 GROVELAND CIRCLE,08/31/21,489405,489405,102300,114033,375372,660471,0.568,
ARBOR RIDGE -MEADOWS,AR-4,L -12-21-315-004,626 HOLMDALE WAY,09/01/21,475000,475000,102300,111648,363352,577676,0.629,
ARBOR RIDGE -MEADOWS,AR-4,L -12-21-315-010,646 HOLMDALE WAY,12/29/21,517330,517330,102300,111170,406160,684394,0.593,
ARBOR RIDGE -MEADOWS,AR-4,L -12-21-315-011,650 HOLMDALE WAY,09/10/21,599990,599990,107400,115765,484225,672466,0.720,
ARBOR RIDGE -MEADOWS,AR-4,L -12-21-315-027,830 GROVELAND CIRCLE,05/31/22,618000,618000,107400,116795,501205,792799,0.632,
ARBOR RIDGE -MEADOWS,AR-4,L -12-21-315-033,701 GROVELAND CIRCLE,06/15/21,575000,575000,102300,117699,457301,764935,0.598,
ARBOR RIDGE -MEADOWS,AR-4,L -12-21-316-007,548 IVYLAND STREET,07/08/22,439999,439999,101200,107842,332157,397344,0.836,
ARBOR RIDGE -MEADOWS,AR-4,L -12-21-316-036,583 IVYLAND STREET,11/02/22,465000,465000,101200,107882,357118,410285,0.870,
ARBOR RIDGE -MEADOWS,AR-4,L -12-21-316-054,522 HOLMDALE WAY,10/06/22,489000,489000,101200,108123,380877,420005,0.907,
ARBOR RIDGE -MEADOWS,AR-4,L -12-21-316-066,418 HENSTRIDE COURT,07/25/22,549900,549900,111510,119370,430530,504367,0.854,
ARBOR RIDGE -MEADOWS,AR-4,L -12-07-406-041,3845 ARCADIA DR,01/14/22,530000,530000,118900,135826,394174,447241,0.881,
ARBOR RIDGE -MEADOWS,AR-4,L -12-07-406-042,3859 ARCADIA DR,08/11/22,632000,632000,118900,136022,495978,592710,0.837,
ARBOR RIDGE -MEADOWS,AR-4,L -12-07-406-043,3873 ARCADIA DR,04/11/22,600000,600000,118900,140060,459940,548966,0.838,
ARBOR RIDGE -MEADOWS,AR-4,L -12-07-406-051,3909 LANDIN TRL,10/05/22,605000,605000,118900,136153,468847,535486,0.876,
ARBOR RIDGE -MEADOWS,AR-4,L -12-18-160-012,4191 SPRING LAKE BLVD,03/24/22,510000,510000,115500,126788,383212,382027,1.003,
ARBOR RIDGE -MEADOWS,AR-4,L -12-18-160-013,4211 SPRING LAKE BLVD,06/01/21,605100,605100,115500,129644,475456,483081,0.984,
ARBOR RIDGE -MEADOWS,AR-4,L -12-18-162-028,4216 SPRING LAKE BLVD,07/01/22,665000,665000,115500,131292,533708,455267,1.172,
ARBOR RIDGE -MEADOWS,AR-4,L -12-18-162-035,4108 SPRING LAKE BLVD,09/14/21,505000,505000,115500,140746,364254,440595,0.827,
ARBOR RIDGE -MEADOWS,AR-4,L -12-18-175-115,4175 LAKE FOREST CT,06/15/22,860000,860000,148600,171785,688215,680952,1.011,
ARBOR RIDGE -MEADOWS,AR-4,L -12-18-175-118,4180 LAKE FOREST CT,08/26/22,763500,763500,148600,177005,586495,451262,1.300,
ARBOR RIDGE -MEADOWS,AR-4,L -12-18-180-139,4466 LAKE FOREST DR E,02/05/23,905000,905000,148600,165154,739846,649121,1.140,
ARBOR RIDGE -MEADOWS,AR-4,L -12-18-181-169,4483 LAKE FOREST DR E,04/07/22,650000,650000,148600,160902,489098,571203,0.856,
ARBOR RIDGE -MEADOWS,AR-4,L -12-18-211-126,4075 BROOKVIEW CT,09/15/21,575000,575000,148600,166955,408045,492592,0.828,
ARBOR RIDGE -MEADOWS,AR-4,L -12-18-217-237,2120 ROUSE CREEK CT,02/21/23,653500,653500,148600,167705,485795,625061,0.777,
ARBOR RIDGE -MEADOWS,AR-4,L -12-18-217-248,2053 ROUSE CREEK CT,08/05/21,716500,716500,148600,178172,538328,741458,0.726,
ARBOR RIDGE -MEADOWS,AR-4,L -12-18-217-249,2103 ROUSE CREEK CT,05/07/21,530000,530000,148600,168235,361765,543563,0.666,
ARBOR RIDGE -MEADOWS,AR-4,L -12-18-217-251,4267 LAKE FOREST DR W,04/11/22,844000,844000,148600,181537,662463,817218,0.811,
ARBOR RIDGE -MEADOWS,AR-4,L -12-07-303-024,2136 VAIL CT,07/13/21,505000,505000,120200,141430,363570,365682,0.994,
ARBOR RIDGE -MEADOWS,AR-4,L -12-07-305-054,3782 HIGHLANDER WAY W,07/24/21,450000,450000,107100,118772,331228,354258,0.935,
ARBOR RIDGE -MEADOWS,AR-4,L -12-07-311-099,3941 STEAMBOAT CT,05/26/22,620000,620000,120200,131695,488305,429957,1.136,
ARBOR RIDGE -MEADOWS,AR-4,L -12-07-312-117,3672 HIGHLANDER WAY E,05/25/22,615000,615000,120200,132958,482042,398901,1.208,
ARBOR RIDGE -MEADOWS,AR-4,L -12-18-222-025,4153 TIMBER RIDGE DR,04/05/22,1025000,1025000,204300,232833,792167,1018477,0.778,
ARBOR RIDGE -MEADOWS,AR-4,L -12-18-223-033,2308 WOODVIEW LN,05/19/21,990000,990000,224730,263638,726362,1153052,0.630,
ARBOR RIDGE -MEADOWS,AR-4,L -12-18-225-050,4328 CLEARVIEW LN,10/17/22,1180000,1180000,204300,239341,940659,1273422,0.739,
ARBOR RIDGE -MEADOWS,AR-4,L -12-30-225-043,2137 WINDMILL WAY,02/10/22,615000,615000,107300,130257,484743,709806,0.683,
ARBOR RIDGE -MEADOWS,AR-4,L -12-19-400-016,5583 LOHR LAKE DR,05/31/22,770000,770000,136700,156050,613950,826747,0.743,
ARBOR RIDGE -MEADOWS,AR-4,L -12-19-415-016,5840 LOHR LAKE DR,09/28/22,658000,658000,144000,159079,498921,648857,0.769,
ARBOR RIDGE -MEADOWS,AR-4,L -12-19-415-020,5731 LOHR LAKE DR,06/04/21,575000,575000,136700,150841,424159,621848,0.682,
ARBOR RIDGE -MEADOWS,AR-4,L -12-19-415-031,5939 LOHR LAKE DR,03/17/23,677000,677000,136700,145151,531849,560665,0.949,
ARBOR RIDGE -MEADOWS,AR-4,L -12-19-420-038,5678 LAKESHORE DR,05/31/22,733000,733000,136700,144992,588008,529370,1.111,
ARBOR RIDGE -MEADOWS,AR-4,L -12-19-420-041,5610 LAKESHORE DR,03/20/23,644000,644000,136700,156136,487864,625255,0.780,
ARBOR RIDGE -MEADOWS,AR-4,L -12-19-420-054,1684 PARK SIDE CT,04/21/22,612500,612500,144000,164545,447955,543887,0.824,
ARBOR RIDGE -MEADOWS,AR-4,L -12-20-211-005,5180 KINGSWAY CIR,10/24/22,960000,960000,185725,216776,743224,890068,0.835,
ARBOR RIDGE -MEADOWS,AR-4,L -12-20-211-026,1411 WHISPERING MAPLES DR,03/08/22,801800,801800,185725,216598,585202,745740,0.785,
ARBOR RIDGE -MEADOWS,AR-4,L -12-20-211-036,1485 WHISPERING MAPLES DR,07/25/22,855000,855000,185725,203311,651689,786586,0.829,
ARBOR RIDGE -MEADOWS,AR-4,L -12-20-211-044,5299 CROWN CT,06/15/21,925000,925000,145350,179319,745681,971037,0.768,
ARBOR RIDGE -MEADOWS,AR-4,L -12-12-210-016,3077 PROMENADE CIR,01/25/23,269900,269900,52000,52000,217900,199322,1.093,
ARBOR RIDGE -MEADOWS,AR-4,L -12-12-210-026,3097 PROMENADE CIR,03/25/22,264086,264086,52000,52000,212086,189517,1.119,
ARBOR RIDGE -MEADOWS,AR-4,L -12-12-210-041,3128 PROMENADE CIR,01/31/23,250000,250000,52000,52000,198000,183649,1.078,
ARBOR RIDGE -MEADOWS,AR-4,L -12-12-210-045,3136 PROMENADE CIR,07/20/22,263000,263000,52000,52000,211000,193435,1.091,
ARBOR RIDGE -MEADOWS,AR-4,L -12-19-383-030,2199 MAPLE PARK DR,12/20/22,435000,435000,96800,104138,330862,370659,0.893,
ARBOR RIDGE -MEADOWS,AR-4,L -12-19-383-038,2132 MAPLE CREEK CIR,08/03/21,378312,378312,96800,99302,279010,323231,0.863,
ARBOR RIDGE -MEADOWS,AR-4,L -12-19-410-020,5887 CREEKVIEW CT,10/03/22,799000,799000,116100,207907,591093,680896,0.868,
ARBOR RIDGE -MEADOWS,AR-4,L -12-19-410-021,5915 CREEKVIEW CT,12/29/21,462000,462000,116100,131917,330083,492500,0.670,
ARBOR RIDGE -MEADOWS,AR-4,L -12-19-410-031,1936 OAKVIEW DR,09/28/21,595000,595000,116100,125061,469939,575234,0.817,
ARBOR RIDGE -MEADOWS,AR-4,L -12-19-411-041,1779 OAKVIEW DR,06/30/22,562500,562500,116100,130297,432203,479164,0.902,
ARBOR RIDGE -MEADOWS,AR-4,L -12-19-411-050,5727 CREEKVIEW DR,01/25/23,575000,575000,116100,131075,443925,455383,0.975,
ARBOR RIDGE -MEADOWS,AR-4,L -12-19-411-052,5775 CREEKVIEW DR,06/17/21,495000,495000,116100,124245,370755,495944,0.748,
ARBOR RIDGE -MEADOWS,AR-4,L -12-30-101-005,1608 MALLARD COVE DR,07/26/21,425000,425000,88700,95714,329286,324261,1.015,
ARBOR RIDGE -MEADOWS,AR-4,L -12-30-102-031,1711 POND SHORE DR,10/25/21,420000,420000,88700,155331,264669,326074,0.812,
ARBOR RIDGE -MEADOWS,AR-4,L -12-30-201-001,2176 MCCORMICK DR,07/11/22,420000,420000,103900,112671,307329,333351,0.922,
ARBOR RIDGE -MEADOWS,AR-4,L -12-30-201-006,2011 MCCORMICK DR,11/02/22,495000,495000,103900,124133,370867,481440,0.770,
ARBOR RIDGE -MEADOWS,AR-4,L -12-30-201-009,2095 MCCORMICK DR,06/06/22,601001,601001,103900,155086,445915,395253,1.128,
ARBOR RIDGE -MEADOWS,AR-4,L -12-24-375-003,5884 STAGHORN DR,06/01/22,270000,270000,55000,55000,215000,166648,1.290,MULTI HOMES
ARBOR RIDGE -MEADOWS,AR-4,L -12-24-375-014,5850 STAGHORN DR,12/22/22,254900,254900,55000,55000,199900,175805,1.137,MULTI HOMES
ARBOR RIDGE -MEADOWS,AR-4,L -12-24-375-032,5723 STAGHORN DR,07/19/21,245000,245000,50400,50400,194600,166844,1.166,MULTI HOMES
ARBOR RIDGE -MEADOWS,AR-4,L -12-24-375-035,5716 STAGHORN DR,04/06/22,271000,271000,55000,55000,216000,174925,1.235,MULTI HOMES
ARBOR RIDGE -MEADOWS,AR-4,L -12-24-301-006,5715 DARTMOUTH CT,10/27/21,352100,352100,69500,73734,278366,213463,1.304,TWO-STORY
ARBOR RIDGE -MEADOWS,AR-4,L -12-24-301-013,4471 OAKENGATES DR,07/22/22,314200,314200,69500,79040,235160,156926,1.499,TWO-STORY
ARBOR RIDGE -MEADOWS,AR-4,L -12-24-303-004,5666 WINSLOW CT,07/14/22,359000,359000,69500,73310,285690,243942,1.171,TWO-STORY
ARBOR RIDGE -MEADOWS,AR-4,L -12-24-304-005,5722 ROTHBURY CT,01/06/22,339900,339900,69500,73310,266590,186342,1.431,TWO-STORY
ARBOR RIDGE -MEADOWS,AR-4,L -12-24-381-005,4382 YARMOUTH CROSSING,06/30/22,340000,340000,69500,74618,265382,159794,1.661,TWO-STORY
ARBOR RIDGE -MEADOWS,AR-4,L -12-24-381-014,4383 OAKENGATES DR,11/12/21,329000,329000,69500,74931,254069,186304,1.364,TWO-STORY
ARBOR RIDGE -MEADOWS,AR-4,L -12-22-404-001,2983 PRAIRIE VIEW RD,09/07/22,629155,629155,135400,146867,482288,618914,0.779,
ARBOR RIDGE -MEADOWS,AR-4,L -12-22-404-005,2933 PRAIRIE VIEW RD,10/19/22,555900,555900,135400,143211,412689,553830,0.745,
ARBOR RIDGE -MEADOWS,AR-4,L -12-22-404-006,5583 MONARCH COURT,10/31/22,676641,676641,135400,147333,529308,642790,0.823,
ARBOR RIDGE -MEADOWS,AR-4,L -12-22-404-007,5567 MONARCH COURT,11/23/22,600605,600605,135400,141648,458957,570330,0.805,
ARBOR RIDGE -MEADOWS,AR-4,L -12-22-404-008,5551 MONARCH COURT,11/22/22,587650,587650,135400,147030,440620,530919,0.830,
ARBOR RIDGE -MEADOWS,AR-4,L -12-22-404-009,5533 MONARCH COURT,01/27/23,701120,701120,135400,146691,554429,644547,0.860,
ARBOR RIDGE -MEADOWS,AR-4,L -12-22-404-010,5540 MONARCH COURT,02/06/23,668154,668154,135400,146902,521252,571112,0.913,
ARBOR RIDGE -MEADOWS,AR-4,L -12-22-404-011,5558 MONARCH COURT,03/21/23,700787,700787,135400,145088,555699,672824,0.826,
ARBOR RIDGE -MEADOWS,AR-4,L -12-22-404-012,5570 MONARCH COURT,02/17/23,626140,626140,135400,139621,486519,570383,0.853,
ARBOR RIDGE -MEADOWS,AR-4,L -12-22-404-013,5588 MONARCH COURT,10/07/22,618005,618005,135400,147246,470759,576624,0.816,
ARBOR RIDGE -MEADOWS,AR-4,L -12-22-404-014,5604 MONARCH COURT,08/19/22,671895,671895,135400,155385,516510,686880,0.752,
ARBOR RIDGE -MEADOWS,AR-4,L -12-25-300-042,6510 CRANE RD,12/30/21,500000,500000,118088,119344,380656,359123,54,
ARBOR RIDGE -MEADOWS,AR-4,L -12-25-400-007,6527 CRANE RD,12/13/22,398000,398000,61672,65515,332485,314657,51,
ARBOR RIDGE -MEADOWS,AR-4,L -12-35-200-013,7101 PLATT RD,11/21/22,380000,380000,81281,121473,258527,192128,52,
ARBOR RIDGE -MEADOWS,AR-4,L -12-36-100-019,7500 MUNGER RD,06/07/21,476000,476000,96278,103330,372670,301476,53,
ARBOR RIDGE -MEADOWS,AR-4,L -12-36-100-031,7070 MUNGER RD,04/23/21,395000,395000,75829,88878,306122,218951,53,
ARBOR RIDGE -MEADOWS,AR-4,L -12-25-400-007,6527 CRANE RD,12/13/22,398000,398000,61672,65515,332485,314657,51,
ARBOR RIDGE -MEADOWS,AR-4,L -12-36-100-019,7500 MUNGER RD,06/07/21,476000,476000,96278,103330,372670,301476,53,
ARBOR RIDGE -MEADOWS,AR-4,L -12-26-300-008,3147 MERRITT RD,08/27/21,370000,370000,62708,78141,291859,230862,66,
ARBOR RIDGE -MEADOWS,AR-4,L -12-26-401-003,3942 STARK LN,04/22/22,650000,650000,119300,157415,492585,254746,64,
ARBOR RIDGE -MEADOWS,AR-4,L -12-35-400-025,7790 CARPENTER RD,06/07/22,385000,385000,86742,89017,295983,188607,67,
ARBOR RIDGE -MEADOWS,AR-4,L -12-36-300-046,4451 PALOMINO DR,10/14/21,425000,425000,79518,91193,333807,359914,70,
ARBOR RIDGE -MEADOWS,AR-4,L -12-36-400-016,4545 BEMIS RD,08/23/22,355000,355000,72800,80603,274397,197176,62,
ARBOR RIDGE -MEADOWS,AR-4,L -12-36-400-039,4811 BEMIS RD,08/16/21,360000,360000,67045,73419,286581,221070,65,
ARBOR RIDGE -MEADOWS,AR-4,L -12-26-300-008,3147 MERRITT RD,08/27/21,370000,370000,62708,78141,291859,230862,66,
ARBOR RIDGE -MEADOWS,AR-4,L -12-35-400-025,7790 CARPENTER RD,06/07/22,385000,385000,86742,89017,295983,188607,67,
ARBOR RIDGE -MEADOWS,AR-4,L -12-36-300-046,4451 PALOMINO DR,10/14/21,425000,425000,79518,91193,333807,359914,70,
ARBOR RIDGE -MEADOWS,AR-4,L -12-36-400-016,4545 BEMIS RD,08/23/22,355000,355000,72800,80603,274397,197176,62,
ARBOR RIDGE -MEADOWS,AR-4,L -12-26-400-035,3839 MERRITT RD,11/16/22,375000,375000,78800,89158,285842,277602,71,
ARBOR RIDGE -MEADOWS,AR-4,L -12-26-400-046,6816 CASTAWAY LN,09/12/22,495000,495000,69958,117596,377404,434146,74,
ARBOR RIDGE -MEADOWS,AR-4,L -12-36-300-052,4343 BEMIS RD,08/26/22,450000,450000,81689,98273,351727,306835,74,
ARBOR RIDGE -MEADOWS,AR-4,L -12-25-355-001,4233 MERRITT RD,04/22/22,255000,255000,52700,69212,185788,118388,1.569,
ARBOR RIDGE -MEADOWS,AR-4,L -12-25-355-005,4201 RUBY ST,09/13/21,312000,312000,69600,74550,237450,147609,1.609,
ARBOR RIDGE -MEADOWS,AR-4,L -12-25-355-006,4181 RUBY ST,07/01/21,310000,310000,52700,57920,252080,208637,1.208,
ARBOR RIDGE -MEADOWS,AR-4,L -12-25-356-011,4165 DIAMOND ST,07/20/21,260000,260000,69600,85608,174392,143550,1.215,
ARBOR RIDGE -MEADOWS,AR-4,L -12-25-357-024,6951 CARPENTER RD,07/30/21,379900,379900,69600,92525,287375,230038,1.249,
ARBOR RIDGE -MEADOWS,AR-4,L -12-07-280-004,2054 BENT TRAIL CT,11/12/21,260000,260000,54400,54400,205600,214111,0.960,
ARBOR RIDGE -MEADOWS,AR-4,L -12-07-280-006,2074 BENT TRAIL CT,06/21/22,345000,345000,54400,54400,290600,237400,1.224,
ARBOR RIDGE -MEADOWS,AR-4,L -12-07-280-011,2094 BENT TRAIL CT,05/14/21,305000,305000,54400,54400,250600,243147,1.031,
ARBOR RIDGE -MEADOWS,AR-4,L -12-07-280-036,3380 BENT TRAIL DR,12/23/21,317000,317000,74000,74000,243000,263040,0.924,
ARBOR RIDGE -MEADOWS,AR-4,L -12-07-280-070,3377 BRECKLAND CT,03/11/22,356000,356000,74000,74464,281536,262810,1.071,
ARBOR RIDGE -MEADOWS,AR-4,L -12-07-280-077,3371 BRECKLAND CT,05/27/21,340000,340000,74000,75807,264193,269542,0.980,
ARBOR RIDGE -MEADOWS,AR-4,L -12-07-280-089,3335 BRECKLAND CT,05/27/22,385000,385000,74000,75032,309968,265099,1.169,
ARBOR RIDGE -MEADOWS,AR-4,L -12-07-280-101,3466 BENT TRAIL DR,12/19/22,378250,378250,74000,76690,301560,252077,1.196,
ARBOR RIDGE -MEADOWS,AR-4,L -12-07-280-106,1998 BANCROFT DR,02/11/22,369000,369000,74000,75431,293569,321696,0.913,
ARBOR RIDGE -MEADOWS,AR-4,L -12-07-280-125,2021 BANCROFT DR,05/10/21,384000,384000,74000,74000,310000,310928,0.997,
ARBOR RIDGE -MEADOWS,AR-4,L -12-07-280-128,2024 BANCROFT DR,08/27/22,317000,317000,74000,74485,242515,254992,0.951,
ARBOR RIDGE -MEADOWS,AR-4,L -12-07-280-130,2016 BANCROFT DR,03/22/23,415000,415000,74000,74485,340515,292415,1.164,
ARBOR RIDGE -MEADOWS,AR-4,L -12-07-280-134,3508 BENT TRAIL DR,02/22/22,405000,405000,74000,74402,330598,298664,1.107,
ARBOR RIDGE -MEADOWS,AR-4,L -12-07-280-152,1903 BRECKLAND DR,04/22/21,355000,355000,74000,74000,281000,293814,0.956,
ARBOR RIDGE -MEADOWS,AR-4,L -12-07-350-045,3523 BENT TRAIL DR,04/29/22,432000,432000,74000,74000,358000,313923,1.140,
ARBOR RIDGE -MEADOWS,AR-4,L -12-07-350-053,3560 BENT TRAIL DR,07/18/22,450000,450000,74000,74103,375897,299670,1.254,
ARBOR RIDGE -MEADOWS,AR-4,L -12-07-350-057,3583 BENT TRAIL DR,04/22/22,395000,395000,74000,74000,321000,253720,1.265,
ARBOR RIDGE -MEADOWS,AR-4,L -12-07-350-058,3587 BENT TRAIL DR,09/17/21,339900,339900,74000,74000,265900,279102,0.953,
ARBOR RIDGE -MEADOWS,AR-4,L -12-07-350-067,3611 BENT TRAIL DR,10/17/22,340000,340000,74000,74000,266000,267148,0.996,
ARBOR RIDGE -MEADOWS,AR-4,L -12-07-415-014,3532 MEADOW GROVE TRL,01/31/23,440000,440000,74000,74000,366000,297845,1.229,
ARBOR RIDGE -MEADOWS,AR-4,L -12-07-415-023,3554 MEADOW GROVE TRL,09/23/21,340000,340000,74000,74000,266000,280908,0.947,
ARBOR RIDGE -MEADOWS,AR-4,L -12-07-415-040,3651 MEADOW GROVE TRL,05/31/22,440000,440000,74000,75063,364937,277318,1.316,
ARBOR RIDGE -MEADOWS,AR-4,L -12-01-301-005,2595 SEMINOLE,02/25/22,306000,306000,65100,72685,233315,165692,48,
ARBOR RIDGE -MEADOWS,AR-4,L -12-01-302-016,2540 OAKDALE DR,11/04/22,250000,250000,65100,66485,183515,171569,48,
ARBOR RIDGE -MEADOWS,AR-4,L -12-01-302-024,2434 OAKDALE DR,08/26/21,330000,330000,65100,75641,254359,183959,50,
ARBOR RIDGE -MEADOWS,AR-4,L -12-01-303-001,4308 WASHTENAW AVE,02/28/23,635000,635000,69920,94884,540116,231290,48,
ARBOR RIDGE -MEADOWS,AR-4,L -12-01-303-004,2425 CARLTON DR,12/22/21,309900,309900,65100,67099,242801,132690,48,
ARBOR RIDGE -MEADOWS,AR-4,L -12-01-303-025,2416 DALTON AVE,06/20/22,358000,358000,70300,71470,286530,135996,48,
ARBOR RIDGE -MEADOWS,AR-4,L -12-01-326-015,2562 CARLTON DR,01/07/22,346500,346500,65100,65100,281400,154823,48,
ARBOR RIDGE -MEADOWS,AR-4,L -12-01-328-021,2500 GRANT DR,10/12/21,216100,216100,65100,69099,147001,145365,48,
ARBOR RIDGE -MEADOWS,AR-4,L -12-01-328-024,2460 GRANT DR,09/23/22,365000,365000,65100,73896,291104,112075,48,
ARBOR RIDGE -MEADOWS,AR-4,L -12-01-329-011,2554 CRYSTAL DR,01/14/22,214000,214000,65100,71747,142253,125557,48,
ARBOR RIDGE -MEADOWS,AR-4,L -12-01-351-004,2829 DAYTON DR,10/19/22,329000,329000,65100,74916,254084,174257,48,
ARBOR RIDGE -MEADOWS,AR-4,L -12-01-351-018,2870 CARLTON DR,12/29/22,394500,394500,65100,69399,325101,136913,48,
ARBOR RIDGE -MEADOWS,AR-4,L -12-01-351-021,2820 CARLTON DR,03/01/23,353000,353000,65100,72509,280491,157537,48,
ARBOR RIDGE -MEADOWS,AR-4,L -12-01-352-020,2868 DAYTON DR,08/03/22,330000,330000,65100,68074,261926,129138,48,
ARBOR RIDGE -MEADOWS,AR-4,L -12-01-352-031,2813 GRANT DR,11/30/21,330000,330000,65100,77760,252240,200107,48,
ARBOR RIDGE -MEADOWS,AR-4,L -12-01-353-018,4095 PACKARD RD,11/15/22,260000,260000,66785,67876,192124,111610,48,
ARBOR RIDGE -MEADOWS,AR-4,L -12-01-353-028,2780 GRANT DR,09/02/21,269500,269500,65100,70148,199352,134194,48,
ARBOR RIDGE -MEADOWS,AR-4,L -12-01-353-030,2758 GRANT DR,11/16/21,265000,265000,65100,68616,196384,117910,48,
ARBOR RIDGE -MEADOWS,AR-4,L -12-01-353-031,2736 GRANT DR,09/01/21,270000,270000,70300,75360,194640,139275,48,
ARBOR RIDGE -MEADOWS,AR-4,L -12-01-376-009,2829 SEMINOLE,11/08/21,288000,288000,65100,72181,215819,136936,48,
ARBOR RIDGE -MEADOWS,AR-4,L -12-01-376-010,2845 SEMINOLE,08/12/22,304000,304000,65100,71198,232802,137920,48,
ARBOR RIDGE -MEADOWS,AR-4,L -12-01-377-001,4430 CENTRAL BLVD,05/14/21,295000,295000,65100,75833,219167,149233,48,
ARBOR RIDGE -MEADOWS,AR-4,L -12-01-377-025,2844 SEMINOLE,03/17/22,375000,375000,65100,68237,306763,155810,48,
ARBOR RIDGE -MEADOWS,AR-4,L -12-01-377-032,2742 SEMINOLE,04/30/21,285000,285000,65100,68238,216762,140058,48,
ARBOR RIDGE -MEADOWS,AR-4,L -12-01-377-035,4445 PACKARD RD,04/06/21,250000,250000,65100,75867,174133,133552,48,
ARBOR RIDGE -MEADOWS,AR-4,L -12-01-378-024,2886 OAKDALE DR,12/09/21,340000,340000,65100,74079,265921,156340,48,
ARBOR RIDGE -MEADOWS,AR-4,L -12-01-378-024,2886 OAKDALE DR,08/29/22,410000,410000,65100,74079,335921,156340,48,
ARBOR RIDGE -MEADOWS,AR-4,L -12-01-378-031,2784 OAKDALE DR,09/21/21,280000,280000,65100,71223,208777,136072,48,
ARBOR RIDGE -MEADOWS,AR-4,L -12-01-352-010,2861 GRANT DR,07/19/22,455000,455000,65100,85618,369382,318447,68,
ARBOR RIDGE -MEADOWS,AR-4,L -12-22-401-001,2952 TIMBER GLEN DR,12/09/22,777000,777000,135700,147265,629735,903556,0.697,
ARBOR RIDGE -MEADOWS,AR-4,L -12-22-401-002,2934 TIMBER GLEN DR,02/21/23,690190,690190,135700,147527,542663,732205,0.741,
ARBOR RIDGE -MEADOWS,AR-4,L -12-22-401-003,2916 TIMBER GLEN DR,11/17/22,706490,706490,135700,147407,559083,907727,0.616,
ARBOR RIDGE -MEADOWS,AR-4,L -12-22-401-011,2943 TIMBER GLEN DR,10/24/22,629990,629990,135700,147407,482583,818575,0.590,
ARBOR RIDGE -MEADOWS,AR-4,L -12-22-401-012,2961 TIMBER GLEN DR,11/23/22,713390,713390,135700,147407,565983,908296,0.623,
ARBOR RIDGE -MEADOWS,AR-4,L -12-22-401-021,2785 TIMBER GLEN DR,08/11/21,583965,583965,135700,146976,436989,757951,0.577,
ARBOR RIDGE -MEADOWS,AR-4,L -12-22-401-027,5701 WHISPERING SPRINGS DR,11/30/22,699900,699900,135700,162631,537269,840737,0.639,
ARBOR RIDGE -MEADOWS,AR-4,L -12-22-403-038,2718 MEADOW HILLS DR,11/18/22,727500,727500,135700,147288,580212,893250,0.650,
ARBOR RIDGE -MEADOWS,AR-4,L -12-22-403-040,2682 MEADOW HILLS DR,08/24/21,682050,682050,135700,146976,535074,908962,0.589,
ARBOR RIDGE -MEADOWS,AR-4,L -12-22-403-047,2556 MEADOW HILLS DR,12/22/21,726690,726690,135700,153115,573575,914139,0.627,
ARBOR RIDGE -MEADOWS,AR-4,L -12-22-403-049,2520 MEADOW HILLS DR,12/31/21,667375,667375,135700,149014,518361,902703,0.574,
ARBOR RIDGE -MEADOWS,AR-4,L -12-22-403-050,2502 MEADOW HILLS DR,04/21/22,683370,683370,135700,149740,533630,899063,0.594,
ARBOR RIDGE -MEADOWS,AR-4,L -12-22-403-051,2484 MEADOW HILLS DR,03/17/22,791551,791551,135700,147288,644263,918901,0.701,
ARBOR RIDGE -MEADOWS,AR-4,L -12-22-403-052,2466 MEADOW HILLS DR,03/28/22,668740,668740,135700,147407,521333,881868,0.591,
ARBOR RIDGE -MEADOWS,AR-4,L -12-22-403-053,2471 MEADOW HILLS DR,12/19/22,669990,669990,135700,147407,522583,812359,0.643,
ARBOR RIDGE -MEADOWS,AR-4,L -12-22-403-054,2511 MEADOW HILLS DR,03/07/22,783418,783418,135700,175351,608067,940660,0.646,
ARBOR RIDGE -MEADOWS,AR-4,L -12-22-403-055,2547 MEADOW HILLS DR,01/25/22,659540,659540,135700,152751,506789,741086,0.684,
ARBOR RIDGE -MEADOWS,AR-4,L -12-22-403-056,2571 MEADOW HILLS DR,06/21/22,750457,750457,135700,147407,603050,905901,0.666,
ARBOR RIDGE -MEADOWS,AR-4,L -12-22-403-057,2589 MEADOW HILLS DR,03/29/22,741420,741420,135700,149415,592005,903974,0.655,
ARBOR RIDGE -MEADOWS,AR-4,L -12-22-403-058,2607 MEADOW HILLS DR,12/21/21,684327,684327,135700,147288,537039,906841,0.592,
ARBOR RIDGE -MEADOWS,AR-4,L -12-22-403-060,2631 MEADOW HILLS DR,05/24/22,677115,677115,135700,147407,529708,802780,0.660,
ARBOR RIDGE -MEADOWS,AR-4,L -12-22-403-063,2703 MEADOW HILLS DR,12/10/21,587792,587792,135700,148453,439339,747126,0.588,
ARBOR RIDGE -MEADOWS,AR-4,L -12-22-403-064,2748 TIMBER GLEN DR,09/22/22,655025,655025,135700,147407,507618,868428,0.585,
ARBOR RIDGE -MEADOWS,AR-4,L -12-22-403-065,2730 TIMBER GLEN DR,09/20/22,586040,586040,135700,147407,438633,691541,0.634,
ARBOR RIDGE -MEADOWS,AR-4,L -12-22-403-066,2712 TIMBER GLEN DR,10/20/22,584990,584990,135700,147407,437583,728958,0.600,
ARBOR RIDGE -MEADOWS,AR-4,L -12-22-403-067,2694 TIMBER GLEN DR,09/26/22,697340,697340,135700,147407,549933,921533,0.597,
ARBOR RIDGE -MEADOWS,AR-4,L -12-22-403-068,2676 TIMBER GLEN DR,08/17/22,854905,854905,135700,155831,699074,974116,0.718,
ARBOR RIDGE -MEADOWS,AR-4,L -12-22-403-069,2658 TIMBER GLEN DR,08/09/22,761305,761305,135700,153379,607926,981533,0.619,
ARBOR RIDGE -MEADOWS,AR-4,L -12-22-403-071,2622 TIMBER GLEN DR,07/22/22,718620,718620,135700,147407,571213,906536,0.630,
ARBOR RIDGE -MEADOWS,AR-4,L -12-22-403-072,2604 TIMBER GLEN DR,04/15/22,683070,683070,135700,147407,535663,898740,0.596,
ARBOR RIDGE -MEADOWS,AR-4,L -12-22-403-073,2586 TIMBER GLEN DR,08/19/22,655355,655355,135700,147407,507948,852193,0.596,
ARBOR RIDGE -MEADOWS,AR-4,L -12-22-403-075,2448 MEADOW HILLS DR,05/17/22,741190,741190,135700,152115,589075,774649,0.760,
ARBOR RIDGE -MEADOWS,AR-4,L -12-22-403-076,2430 MEADOW HILLS DR,06/08/22,691640,691640,135700,147407,544233,915188,0.595,
ARBOR RIDGE -MEADOWS,AR-4,L -12-22-403-077,2412 MEADOW HILLS DR,07/12/22,629370,629370,135700,147407,481963,823730,0.585,
ARBOR RIDGE -MEADOWS,AR-4,L -12-22-403-078,2533 TIMBER GLEN DR,03/29/22,709960,709960,135700,152751,557209,913202,0.610,
ARBOR RIDGE -MEADOWS,AR-4,L -12-22-403-079,2551 TIMBER GLEN DR,04/27/22,710375,710375,135700,147407,562968,903561,0.623,
ARBOR RIDGE -MEADOWS,AR-4,L -12-22-403-080,2559 TIMBER GLEN DR,10/21/22,680000,680000,135700,147407,532593,791300,0.673,
ARBOR RIDGE -MEADOWS,AR-4,L -12-22-403-081,2587 TIMBER GLEN DR,05/18/22,636760,636760,135700,147407,489353,795077,0.615,
ARBOR RIDGE -MEADOWS,AR-4,L -12-22-403-082,2605 TIMBER GLEN DR,08/25/22,775085,775085,135700,147407,627678,922925,0.680,
ARBOR RIDGE -MEADOWS,AR-4,L -12-22-403-084,2641 TIMBER GLEN DR,09/08/22,697265,697265,135700,147407,549858,920465,0.597,
ARBOR RIDGE -MEADOWS,AR-4,L -12-22-403-085,2659 TIMBER GLEN DR,10/07/22,814180,814180,135700,147799,666381,956710,0.697,
ARBOR RIDGE -MEADOWS,AR-4,L -12-22-403-086,2677 TIMBER GLEN DR,10/13/22,660750,660750,135700,147407,513343,768633,0.668,
ARBOR RIDGE -MEADOWS,AR-4,L -12-22-403-088,5563 TIMBER GLEN CT,10/25/22,652430,652430,135700,149348,503082,824139,0.610,
ARBOR RIDGE -MEADOWS,AR-4,L -12-22-403-089,5545 TIMBER GLEN CT,10/18/22,700125,700125,135700,148956,551169,908459,0.607,
ARBOR RIDGE -MEADOWS,AR-4,L -12-22-403-090,5532 TIMBER GLEN CT,12/14/22,880215,880215,135700,154154,726061,955431,0.760,
ARBOR RIDGE -MEADOWS,AR-4,L -12-22-403-091,5550 TIMBER GLEN CT,11/14/22,822490,822490,135700,154154,668336,922689,0.724,
ARBOR RIDGE -MEADOWS,AR-4,L -12-22-403-092,5568 TIMBER GLEN CT,11/15/22,795995,795995,135700,148956,647039,923618,0.701,
ARBOR RIDGE -MEADOWS,AR-4,L -12-22-403-093,5586 TIMBER GLEN CT,12/28/22,757535,757535,135700,147407,610128,923921,0.660,
ARBOR RIDGE -MEADOWS,AR-4,L -12-22-403-094,2731 TIMBER GLEN DR,03/24/23,659990,659990,135700,147799,512191,878035,0.583,
ARBOR RIDGE -MEADOWS,AR-4,L -12-22-403-095,2749 TIMBER GLEN DR,12/27/22,739445,739445,135700,148956,590489,902831,0.654,
ARBOR RIDGE -MEADOWS,AR-4,L -12-22-402-004,2854 PRAIRIE VIEW RD,03/01/22,425000,425000,81400,86616,338384,429743,0.787,
ARBOR RIDGE -MEADOWS,AR-4,L -12-22-402-019,5851 WHISPERING SPRINGS DR,12/03/21,408691,408691,81400,85180,323511,439241,0.737,
ARBOR RIDGE -MEADOWS,AR-4,L -12-22-402-020,5863 WHISPERING SPRINGS DR,07/20/22,430000,430000,81400,85008,344992,438368,0.787,
ARBOR RIDGE -MEADOWS,AR-4,L -12-22-402-026,2867 FAIRGROVE CRESCENT,10/28/21,414740,414740,81400,86530,328210,450681,0.728,
ARBOR RIDGE -MEADOWS,AR-4,L -12-22-402-028,2857 FAIRGROVE CRESCENT,10/26/21,377140,377140,81400,86552,290588,409589,0.709,
ARBOR RIDGE -MEADOWS,AR-4,L -12-22-402-031,2811 FAIRGROVE CRESCENT,09/16/21,355915,355915,81400,84836,271079,386130,0.702,
ARBOR RIDGE -MEADOWS,AR-4,L -12-22-402-041,5788 WHISPERING SPRINGS DR,12/21/22,430013,430013,81400,84765,345248,446884,0.773,
ARBOR RIDGE -MEADOWS,AR-4,L -12-22-402-043,5776 WHISPERING SPRINGS DR,09/15/21,430990,430990,81400,85102,345888,445582,0.776,
ARBOR RIDGE -MEADOWS,AR-4,L -12-22-402-044,2849 WILLOW CT,02/28/22,412140,412140,81400,88101,324039,454843,0.712,
ARBOR RIDGE -MEADOWS,AR-4,L -12-22-402-046,2841 WILLOW CT,02/28/22,392670,392670,81400,89063,303607,417624,0.727,
ARBOR RIDGE -MEADOWS,AR-4,L -12-22-402-048,2831 WILLOW CT,01/31/22,409985,409985,81400,87585,322400,450681,0.715,
ARBOR RIDGE -MEADOWS,AR-4,L -12-22-402-049,2827 WILLOW CT,01/31/22,375555,375555,81400,86555,289000,402613,0.718,
ARBOR RIDGE -MEADOWS,AR-4,L -12-22-402-050,2823 WILLOW CT,02/10/22,397815,397815,81400,86555,311260,433589,0.718,
ARBOR RIDGE -MEADOWS,AR-4,L -12-22-402-051,2819 WILLOW CT,01/31/22,408965,408965,81400,87585,321380,454522,0.707,
ARBOR RIDGE -MEADOWS,AR-4,L -12-22-402-052,2813 WILLOW CT,02/25/22,425215,425215,81400,87413,337802,446082,0.757,
ARBOR RIDGE -MEADOWS,AR-4,L -12-22-402-053,2809 WILLOW CT,02/25/22,398795,398795,81400,87585,311210,435048,0.715,
ARBOR RIDGE -MEADOWS,AR-4,L -12-22-402-054,2805 WILLOW CT,02/24/22,414305,414305,81400,87585,326720,440352,0.742,
ARBOR RIDGE -MEADOWS,AR-4,L -12-22-402-055,2801 WILLOW CT,02/25/22,389805,389805,81400,87585,302220,399630,0.756,
ARBOR RIDGE -MEADOWS,AR-4,L -12-22-402-056,2795 WILLOW CT,03/21/22,414065,414065,81400,87585,326480,446082,0.732,
ARBOR RIDGE -MEADOWS,AR-4,L -12-22-402-057,2791 WILLOW CT,03/21/22,410510,410510,81400,85695,324815,439648,0.739,
ARBOR RIDGE -MEADOWS,AR-4,L -12-22-402-058,2787 WILLOW CT,03/25/22,406865,406865,81400,86555,320310,435048,0.736,
ARBOR RIDGE -MEADOWS,AR-4,L -12-20-210-006,1365 REGENTS PARK CT,08/19/21,810000,810000,148400,177256,632744,1058172,0.598,
ARBOR RIDGE -MEADOWS,AR-4,L -12-20-210-008,5092 ABINGDON CIR,06/30/21,650000,650000,148400,165549,484451,816241,0.594,
ARBOR RIDGE -MEADOWS,AR-4,L -12-20-210-011,5058 ABINGDON CIR,11/05/21,632000,632000,148000,175158,456842,743754,0.614,
ARBOR RIDGE -MEADOWS,AR-4,L -12-32-110-017,7181 WAPITI WAY,08/18/21,455000,455000,92700,99573,355427,547185,0.650,
ARBOR RIDGE -MEADOWS,AR-4,L -12-32-110-025,7086 SUNCREST DR,06/14/21,430000,430000,92700,132710,297290,545282,0.545,
ARBOR RIDGE -MEADOWS,AR-4,L -12-26-205-007,4101 ROLLING MEADOW LN,01/14/22,349000,349000,82100,85418,263582,256920,1.026,
ARBOR RIDGE -MEADOWS,AR-4,L -12-26-210-041,4177 ROLLING MEADOW LN,02/18/22,403100,403100,82100,88334,314766,249501,1.262,
ARBOR RIDGE -MEADOWS,AR-4,L -12-26-220-030,4108 LARK LN,08/18/22,442500,442500,82100,89019,353481,263341,1.342,
ARBOR RIDGE -MEADOWS,AR-4,L -12-26-230-014,3079 PRIMROSE LN,04/08/21,215000,215000,48200,48200,166800,230773,0.723,
ARBOR RIDGE -MEADOWS,AR-4,L -12-26-230-032,3123 PRIMROSE LN,04/27/22,250000,250000,48200,48200,201800,226789,0.890,
ARBOR RIDGE -MEADOWS,AR-4,L -12-26-230-034,3109 PRIMROSE LN,09/08/21,226000,226000,48200,48200,177800,208973,0.851,
ARBOR RIDGE -MEADOWS,AR-4,L -12-26-230-053,3197 PRIMROSE LN,05/16/22,275000,275000,48200,48200,226800,233340,0.972,
ARBOR RIDGE -MEADOWS,AR-4,L -12-26-230-059,3191 PRIMROSE LN,08/25/21,228600,228600,48200,48200,180400,232904,0.775,
ARBOR RIDGE -MEADOWS,AR-4,L -12-26-230-065,3223 PRIMROSE LN,11/05/21,222000,222000,48200,48200,173800,232904,0.746,
ARBOR RIDGE -MEADOWS,AR-4,L -12-26-230-095,3324 PRIMROSE LN,03/01/22,256500,256500,48200,48200,208300,233576,0.892,
ARBOR RIDGE -MEADOWS,AR-4,L -12-26-230-099,6387 CONIFER DR,02/25/22,234900,234900,48200,48200,186700,220923,0.845,
ARBOR RIDGE -MEADOWS,AR-4,L -12-26-230-107,6383 CONIFER DR,04/09/21,215000,215000,48200,48200,166800,234395,0.712,
ARBOR RIDGE -MEADOWS,AR-4,L -12-26-230-124,3242 PRIMROSE LN,10/13/22,265000,265000,48200,48200,216800,213412,1.016,
ARBOR RIDGE -MEADOWS,AR-4,L -12-26-230-134,3176 PRIMROSE LN,06/01/21,219000,219000,48200,48200,170800,229334,0.745,
ARBOR RIDGE -MEADOWS,AR-4,L -12-26-230-140,3170 PRIMROSE LN,10/26/22,265000,265000,48200,48200,216800,228239,0.950,
ARBOR RIDGE -MEADOWS,AR-4,L -12-26-230-149,3188 PRIMROSE LN,04/26/22,267000,267000,48200,48200,218800,230643,0.949,
ARBOR RIDGE -MEADOWS,AR-4,L -12-26-230-165,3118 PRIMROSE LN,09/30/22,275000,275000,48200,48200,226800,212183,1.069,
ARBOR RIDGE -MEADOWS,AR-4,L -12-26-230-166,3130 PRIMROSE LN,07/27/22,265000,265000,48200,48200,216800,212183,1.022,
ARBOR RIDGE -MEADOWS,AR-4,L -12-26-230-170,3150 PRIMROSE LN,04/28/21,221000,221000,48200,48200,172800,230643,0.749,
ARBOR RIDGE -MEADOWS,AR-4,L -12-26-230-013,3077 PRIMROSE LN,05/25/22,236100,236100,48200,48200,187900,181140,1.037,
ARBOR RIDGE -MEADOWS,AR-4,L -12-26-230-018,3089 PRIMROSE LN,09/28/21,215000,215000,48200,48200,166800,175491,0.950,
ARBOR RIDGE -MEADOWS,AR-4,L -12-26-230-031,3125 PRIMROSE LN,07/30/21,194800,194800,48200,48200,146600,172842,0.848,
ARBOR RIDGE -MEADOWS,AR-4,L -12-26-230-048,3139 PRIMROSE LN,08/03/22,256000,256000,48200,48200,207800,174134,1.193,
ARBOR RIDGE -MEADOWS,AR-4,L -12-26-230-049,3183 PRIMROSE LN,06/03/22,250000,250000,48200,48200,201800,181878,1.110,
ARBOR RIDGE -MEADOWS,AR-4,L -12-26-230-054,3195 PRIMROSE LN,06/18/21,185000,185000,48200,48200,136800,181878,0.752,
ARBOR RIDGE -MEADOWS,AR-4,L -12-26-230-060,3193 PRIMROSE LN,06/24/21,196000,196000,48200,48200,147800,181878,0.813,
ARBOR RIDGE -MEADOWS,AR-4,L -12-26-230-061,3209 PRIMROSE LN,03/01/23,265000,265000,48200,48200,216800,186812,1.161,
ARBOR RIDGE -MEADOWS,AR-4,L -12-26-230-067,3231 PRIMROSE LN,01/21/22,199000,199000,48200,48200,150800,181878,0.829,
ARBOR RIDGE -MEADOWS,AR-4,L -12-26-230-084,3348 PRIMROSE LN,08/01/22,240500,240500,48200,48200,192300,181878,1.057,
ARBOR RIDGE -MEADOWS,AR-4,L -12-26-230-085,3332 PRIMROSE LN,08/16/22,275000,275000,48200,48200,226800,181878,1.247,
ARBOR RIDGE -MEADOWS,AR-4,L -12-26-230-144,3184 PRIMROSE LN,02/25/22,216500,216500,48200,48200,168300,179610,0.937,
ARBOR RIDGE -MEADOWS,AR-4,L -12-26-230-156,3208 PRIMROSE LN,11/05/21,195000,195000,48200,48200,146800,179610,0.817,
ARBOR RIDGE -MEADOWS,AR-4,L -12-26-230-156,3208 PRIMROSE LN,08/02/22,242500,242500,48200,48200,194300,179610,1.082,
ARBOR RIDGE -MEADOWS,AR-4,L -12-26-230-174,3136 PRIMROSE LN,11/22/21,199900,199900,48200,48200,151700,177043,0.857,
ARBOR RIDGE -MEADOWS,AR-4,L -12-28-200-005,6464 S STATE ST,12/15/21,310000,310000,60700,61749,248251,169255,53,
ARBOR RIDGE -MEADOWS,AR-4,L -12-30-200-007,6380 N MAPLE RD,07/10/21,227000,227000,71120,79851,147149,139613,45,
ARBOR RIDGE -MEADOWS,AR-4,L -12-33-200-011,7290 FOSDICK RD,08/01/22,508000,508000,157000,157254,350746,267323,46,
ARBOR RIDGE -MEADOWS,AR-4,L -12-34-200-046,7425 WARNER RD,12/14/22,358000,358000,92436,94911,263089,197712,53,
ARBOR RIDGE -MEADOWS,AR-4,L -12-34-400-012,7700 PLATT RD,07/25/22,250000,250000,98453,98453,151547,188953,47,
ARBOR RIDGE -MEADOWS,AR-4,L -12-27-325-002,117 GREEN HILLS DR,08/26/22,765000,765000,114600,160450,604550,586264,67,
ARBOR RIDGE -MEADOWS,AR-4,L -12-28-400-003,6584 WARNER RD,04/16/21,477000,477000,101011,132224,344776,334456,65,
ARBOR RIDGE -MEADOWS,AR-4,L -12-33-490-004,7858 WARNER RD,05/05/21,395000,395000,85648,89221,305779,248040,65,
ARBOR RIDGE -MEADOWS,AR-4,L -12-34-200-026,7248 S GREEN HILLS DR,09/13/22,527000,527000,106254,139766,387234,373179,68,
ARBOR RIDGE -MEADOWS,AR-4,L -12-34-200-045,7497 WARNER RD,08/26/21,375000,375000,85800,90294,284706,218155,61,
ARBOR RIDGE -MEADOWS,AR-4,L -12-34-400-014,7600 PLATT RD,09/30/22,373000,373000,59549,70115,302885,254825,68,
ARBOR RIDGE -MEADOWS,AR-4,L -12-33-410-004,7911 SPRUCE TREE CT,07/27/22,430000,430000,87080,126930,303070,239698,72,
ARBOR RIDGE -MEADOWS,AR-4,L -12-34-200-058,140 GINGER LN,09/15/22,748000,748000,78414,92963,655037,757823,79,
ARBOR RIDGE -MEADOWS,AR-4,L -12-33-400-031,7585 FOSDICK RD,07/16/21,725000,725000,96200,116476,608524,706839,92,
ARBOR RIDGE -MEADOWS,AR-4,L -12-36-110-010,2048 OSPREY DR,12/19/22,625000,625000,109340,131447,493553,562848,0.877,
ARBOR RIDGE -MEADOWS,AR-4,L -12-30-110-030,6160 VINEYARD AVE,11/12/21,515000,515000,105700,117547,397453,569824,0.698,
ARBOR RIDGE -MEADOWS,AR-4,L -12-20-320-112,5554 HEARTHSTONE CT,09/21/21,460000,460000,78600,89703,370297,264808,1.398,
ARBOR RIDGE -MEADOWS,AR-4,L -12-20-321-058,1311 N SILO RIDGE DR,06/01/22,500000,500000,84300,92321,407679,261831,1.557,
ARBOR RIDGE -MEADOWS,AR-4,L -12-20-322-073,1374 N SILO RIDGE DR,04/30/21,360000,360000,78600,86885,273115,222862,1.225,
ARBOR RIDGE -MEADOWS,AR-4,L -12-20-322-077,1306 N SILO RIDGE DR,08/12/21,383748,383748,78600,83956,299792,232004,1.292,
ARBOR RIDGE -MEADOWS,AR-4,L -12-20-323-065,1405 N SILO RIDGE DR,07/26/22,450000,450000,78600,84398,365602,231986,1.576,
ARBOR RIDGE -MEADOWS,AR-4,L -12-20-324-106,5577 PEBBLE RIDGE CT,09/09/21,442000,442000,78600,87161,354839,290802,1.220,
ARBOR RIDGE -MEADOWS,AR-4,L -12-20-323-094,1478 FIELDSTONE CT,10/04/22,490000,490000,78600,85783,404217,319399,1.266,
ARBOR RIDGE -MEADOWS,AR-4,L -12-20-400-009,5847 SILO RIDGE DR,03/18/22,642000,642000,142865,180477,461523,390097,1.183,
ARBOR RIDGE -MEADOWS,AR-4,L -12-13-105-029,4137 PERSIMMON DR,04/30/21,455000,455000,71900,85009,369991,532086,0.695,
ARBOR RIDGE -MEADOWS,AR-4,L -12-13-120-002,4800 JASMINE CT,08/06/21,385500,385500,88400,104025,281475,337911,0.833,
ARBOR RIDGE -MEADOWS,AR-4,L -12-13-120-017,4728 AZALEA DR,07/19/21,344900,344900,88400,96103,248797,349564,0.712,
ARBOR RIDGE -MEADOWS,AR-4,L -12-13-130-026,4191 SILVERLEAF DR,05/02/22,365000,365000,88400,93143,271857,300730,0.904,
ARBOR RIDGE -MEADOWS,AR-4,L -12-13-135-031,4259 SILVERLEAF DR,10/29/21,387000,387000,88400,99748,287252,370953,0.774,
ARBOR RIDGE -MEADOWS,AR-4,L -12-13-135-032,4261 SILVERLEAF DR,05/02/22,435000,435000,88400,92991,342009,468532,0.730,
ARBOR RIDGE -MEADOWS,AR-4,L -12-13-135-040,4277 SILVERLEAF DR,07/08/21,379900,379900,88400,95564,284336,370641,0.767,
ARBOR RIDGE -MEADOWS,AR-4,L -12-13-143-085,4275 CHANDI CT,07/15/21,446500,446500,88400,98800,347700,497772,0.699,
ARBOR RIDGE -MEADOWS,AR-4,L -12-13-143-087,4291 CHANDI CT,10/01/21,512000,512000,88400,102320,409680,566352,0.723,
ARBOR RIDGE -MEADOWS,AR-4,L -12-13-143-103,4293 CHERRY BLOSSOM DR,03/09/23,530000,530000,88400,107072,422928,551765,0.767,
ARBOR RIDGE -MEADOWS,AR-4,L -12-13-145-151,4544 CHERRY BLOSSOM DR,05/09/22,441000,441000,88400,113500,327500,454618,0.720,
ARBOR RIDGE -MEADOWS,AR-4,L -12-13-145-152,4536 CHERRY BLOSSOM DR,06/14/22,500000,500000,88400,93947,406053,458725,0.885,
ARBOR RIDGE -MEADOWS,AR-4,L -12-13-145-161,4334 SILVERLEAF DR,08/29/22,520000,520000,88400,102523,417477,546597,0.764,
ARBOR RIDGE -MEADOWS,AR-4,L -12-18-105-114,4324 LOHR RD,07/28/22,848500,848500,143400,174491,674009,737451,0.914,
ARBOR RIDGE -MEADOWS,AR-4,L -12-18-106-171,4484 BOULDER POND DR,05/12/22,700000,700000,143400,153844,546156,580920,0.940,
ARBOR RIDGE -MEADOWS,AR-4,L -12-18-106-188,4463 BOULDER POND DR,08/16/21,1021000,1021000,172500,195212,825788,1005081,0.822,
ARBOR RIDGE -MEADOWS,AR-4,L -12-18-301-259,2040 STONEBRIDGE DR N,08/09/22,950000,950000,143400,174624,775376,878041,0.883,
ARBOR RIDGE -MEADOWS,AR-4,L -12-18-301-328,2064 BAY HILL CT,03/03/23,675000,675000,172500,190279,484721,590367,0.821,
ARBOR RIDGE -MEADOWS,AR-4,L -12-18-410-097,4770 LOHR RD,07/11/22,685000,685000,143400,155994,529006,620693,0.852,
ARBOR RIDGE -MEADOWS,AR-4,L -12-18-415-027,1698 INVERNESS CT,11/04/21,645000,645000,143400,149232,495768,510383,0.971,
ARBOR RIDGE -MEADOWS,AR-4,L -12-18-415-070,1727 STONEBRIDGE DR S,04/29/21,970000,970000,143400,182198,787802,875771,0.900,
ARBOR RIDGE -MEADOWS,AR-4,L -12-19-130-214,1853 PRAIRIE DUNES CT S,01/03/23,602000,602000,143400,152823,449177,496898,0.904,
ARBOR RIDGE -MEADOWS,AR-4,L -12-19-210-257,5289 PRAIRIE DUNES CT N,03/24/23,904000,904000,143400,202631,701369,906132,0.774,
ARBOR RIDGE -MEADOWS,AR-4,L -12-19-230-011,2471 WINGED FOOT CT,04/01/22,600000,600000,134100,158201,441799,544610,0.811,
ARBOR RIDGE -MEADOWS,AR-4,L -12-19-230-031,5408 PINNACLE CT,08/19/22,661500,661500,134100,154229,507271,553974,0.916,
ARBOR RIDGE -MEADOWS,AR-4,L -12-19-230-039,5301 PINNACLE CT,09/01/22,750000,750000,146400,177518,572482,589307,0.971,
ARBOR RIDGE -MEADOWS,AR-4,L -12-19-230-042,5273 PINNACLE CT,02/09/22,721800,721800,146400,167671,554129,665588,0.833,
ARBOR RIDGE -MEADOWS,AR-4,L -12-19-230-046,2373 QUAKER RIDGE DRIVE,06/24/22,775000,775000,146400,173691,601309,712161,0.844,
ARBOR RIDGE -MEADOWS,AR-4,L -12-19-230-082,5472 PINNACLE CT,05/11/21,700000,700000,134100,157998,542002,666979,0.813,
ARBOR RIDGE -MEADOWS,AR-4,L -12-18-301-315,4469 AUGUSTA CT,12/08/22,600000,600000,123900,141902,458098,521085,0.879,
ARBOR RIDGE -MEADOWS,AR-4,L -12-18-304-055,4823 SAWGRASS DR W,09/13/21,650000,650000,123900,135668,514332,606056,0.849,
ARBOR RIDGE -MEADOWS,AR-4,L -12-18-450-023,4900 LONE OAK CT,08/10/21,400000,400000,83700,83700,316300,288549,1.096,
STORY,TWO,L -12-33-305-009,7505 SECRETARIAT DR,04/07/22,661500,661500,160500,186505,474995,696943,0.682,
STORY,TWO,L -12-33-305-026,7684 SECRETARIAT DR,08/23/21,1210000,1210000,160500,195359,1014641,1558676,0.651,
STORY,TWO,L -12-33-305-032,7784 SECRETARIAT DR,06/25/21,629000,629000,160500,167196,461804,717015,0.644,
STORY,TWO,L -12-33-305-041,7895 SECRETARIAT DR,05/27/22,790000,790000,160500,192135,597865,764464,0.782,
STORY,TWO,L -12-33-305-046,7995 SECRETARIAT DR,08/27/21,689000,689000,160500,173208,515792,785865,0.656,
STORY,TWO,L -12-33-305-065,838 REAL QUIET CT,09/22/21,1020000,1020000,160500,178445,841555,1312229,0.641,
STORY,TWO,L -12-33-305-070,7643 SECRETARIAT DR,03/30/23,832000,832000,160500,177428,654572,936257,0.699,
STORY,TWO,L -12-12-315-039,3838 FIELDCREST LN,04/20/22,434000,434000,84100,92967,341033,341643,0.998,
STORY,TWO,L -12-12-320-063,3745 FIELDCREST LN,06/14/22,470000,470000,84100,88436,381564,307032,1.243,
STORY,TWO,L -12-12-320-097,3750 PALISADES BLVD,07/01/22,446000,446000,84100,88873,357127,392243,0.910,
STORY,TWO,L -12-12-320-101,3720 PALISADES BLVD,01/17/23,420000,420000,84100,98008,321992,365942,0.880,
STORY,TWO,L -12-12-320-103,4542 PALISADES CT,07/19/22,420000,420000,84100,94169,325831,373332,0.873,
STORY,TWO,L -12-12-320-104,4538 PALISADES CT,05/18/22,425000,425000,84100,103404,321596,405684,0.793,
STORY,TWO,L -12-12-430-117,3789 PALISADES BLVD,06/04/21,375000,375000,84100,93321,281679,358508,0.786,
STORY,TWO,L -12-12-433-011,3855 PALISADES BLVD,12/29/22,376000,376000,84100,97835,278165,333592,0.834,
STORY,TWO,L -12-12-433-023,3979 LANCASTER CT,09/24/21,388000,388000,84100,92044,295956,367703,0.805,
STORY,TWO,L -12-12-435-079,3859 CENTURY CT,10/05/22,380000,380000,84100,90187,289813,288325,1.005,
STORY,TWO,L -12-12-435-090,3818 CENTURY CT,07/19/22,420000,420000,84100,90333,329667,360187,0.915,
STORY,TWO,L -12-08-315-001,3787 SANTA FE TRL,06/08/22,412000,412000,85300,85300,326700,333485,0.980,
STORY,TWO,L -12-08-315-021,3759 BRIDLE PASS CT,10/18/21,445000,445000,98000,98207,346793,429357,0.808,
STORY,TWO,L -12-08-315-038,3803 BRIDLE PASS,08/11/21,449000,449000,98000,99297,349703,428993,0.815,
STORY,TWO,L -12-27-180-009,1278 HARWOOD CIR,09/26/22,330000,330000,78700,82330,247670,179541,62,
STORY,TWO,L -12-27-180-019,6355 SAUK TRL,04/29/22,455000,455000,78700,85521,369479,225749,62,
STORY,TWO,L -12-27-180-023,6411 SAUK TRL,06/08/21,332500,332500,78700,87358,245142,200709,62,
STORY,TWO,L -12-27-185-012,1129 RATHFON CIR,11/12/21,335000,335000,78700,89374,245626,210262,60,
STORY,TWO,L -12-27-185-023,1119 CUTLER CIR,06/25/21,335000,335000,78700,84124,250876,191439,58,
STORY,TWO,L -12-27-185-024,1101 CUTLER CIR,08/30/22,375000,375000,78700,83468,291532,205684,57,
STORY,TWO,L -12-27-190-001,6262 ROBISON LN,10/05/21,369000,369000,70830,79310,289690,221654,62,
STORY,TWO,L -12-27-190-119,6460 ROBISON LN,06/10/21,405000,405000,78700,95130,309870,327634,66,
STORY,TWO,L -12-27-411-146,851 HATFIELD CIR,10/15/21,369000,369000,78700,81043,287957,243523,65,
STORY,TWO,L -12-27-412-079,1208 CODY CIR,06/08/21,370000,370000,78700,84304,285696,194504,64,
STORY,TWO,L -12-27-412-099,6743 ROBISON LN,05/21/21,337050,337050,78700,82898,254152,208209,66,
STORY,TWO,L -12-27-412-101,6759 ROBISON LN,11/01/22,250000,250000,78700,83640,166360,200635,65,
STORY,TWO,L -12-27-414-173,1310 WARNER CREEK DR,09/13/22,383000,383000,78700,81824,301176,271342,67,
STORY,TWO,L -12-27-414-187,1275 WEDGEWOOD CIR,04/22/22,455000,455000,78700,84128,370872,235861,67,
STORY,TWO,L -12-27-414-189,1291 WEDGEWOOD CIR,01/26/23,385000,385000,78700,81824,303176,200166,67,
STORY,TWO,L -12-27-415-201,1333 WARNER CREEK DR,11/22/21,369900,369900,78700,81824,288076,223419,67,
STORY,TWO,L -12-27-415-201,1333 WARNER CREEK DR,02/15/23,390000,390000,78700,81824,308176,223419,67,
STORY,TWO,L -12-27-416-244,6524 PENNSTONE CIR,10/27/22,450000,450000,78700,82357,367643,313915,66,
STORY,TWO,L -12-27-417-211,1475 WEDGEWOOD DR,10/24/22,380000,380000,78700,81824,298176,262234,68,
STORY,TWO,L -12-27-417-214,1443 WEDGEWOOD DR,08/03/21,398000,398000,78700,84609,313391,301556,69,
STORY,TWO,L -12-27-190-129,6310 ROBISON LN,09/22/22,355000,355000,70830,79054,275946,216373,71,
STORY,TWO,L -12-27-415-200,1305 WARNER CREEK DR,03/25/22,357500,357500,78700,88302,269198,260896,73,
STORY,TWO,L -12-27-418-218,1411 WEDGEWOOD DR,07/01/22,451000,451000,78700,88543,362457,308846,75,
STORY,TWO,L -12-12-108-010,4819 GRANDVIEW DR,12/08/22,300630,300630,68400,83946,216684,147876,47,
STORY,TWO,L -12-12-180-022,3242 GOLFSIDE RD,02/10/22,326400,326400,68400,76002,250398,199849,45,
STORY,TWO,L -12-12-181-003,3311 MAPLE DR,10/10/22,345000,345000,68400,72378,272622,179613,46,
STORY,TWO,L -12-12-182-002,4824 GRANDVIEW DR,11/29/21,240000,240000,68400,82361,157639,132124,46,
STORY,TWO,L -12-12-183-007,3302 HILLSIDE DR,08/20/21,295000,295000,68400,71434,223566,139677,48,
STORY,TWO,L -12-12-185-001,3418 HILLSIDE DR,09/30/22,200000,200000,68400,70805,129195,142233,47,
STORY,TWO,L -12-12-406-018,3624 MAPLE DR,10/07/21,224500,224500,68400,72237,152263,172369,47,
STORY,TWO,L -12-12-408-016,3742 GOLFSIDE RD,05/11/22,328000,328000,68400,76031,251969,137591,47,
STORY,TWO,L -12-12-106-010,4901 CLUB PL,07/07/22,320000,320000,68400,76636,243364,156093,52,
STORY,TWO,L -12-12-108-001,4834 COLE BLVD,07/30/21,375000,375000,68400,70130,304870,211006,53,
STORY,TWO,L -12-12-184-006,4795 PEARL ST,10/07/22,374500,374500,68400,71855,302645,191598,54,
STORY,TWO,L -12-12-401-008,3568 GOLFSIDE RD,08/06/21,325000,325000,68400,68798,256202,185974,52,
STORY,TWO,L -12-12-404-002,3517 CLOVERLAWN AVE,06/28/22,435000,435000,68400,74239,360761,181922,53,
STORY,TWO,L -12-12-407-016,3640 OAK DR,09/19/22,335000,335000,68400,72067,262933,145219,51,
STORY,TWO,L -12-12-426-007,3542 CLOVERLAWN AVE,02/11/22,353000,353000,68400,72176,280824,160272,53,
STORY,TWO,L -12-12-427-002,3619 HELEN AVE,11/24/21,256000,256000,68400,82152,173848,160379,53,
STORY,TWO,L -12-12-427-016,3704 CLOVERLAWN AVE,12/23/21,325000,325000,68400,74122,250878,168421,53,
STORY,TWO,L -12-12-427-020,3630 CLOVERLAWN AVE,11/15/21,275000,275000,68400,69410,205590,149583,53,
STORY,TWO,L -12-12-427-021,3616 CLOVERLAWN AVE,08/23/22,330000,330000,68400,73266,256734,176879,53,
STORY,TWO,L -12-12-462-004,3845 BEECH DR,07/01/21,304000,304000,68400,69508,234492,185281,57,
STORY,TWO,L -12-12-481-018,3942 HILLSIDE DR,11/22/22,340000,340000,68400,72769,267231,169521,54,
STORY,TWO,L -12-12-481-022,3882 HILLSIDE DR,12/28/22,330000,330000,68400,71561,258439,189151,54,
STORY,TWO,L -12-12-481-023,3868 HILLSIDE DR,08/19/22,342500,342500,68400,74173,268327,163782,54,
STORY,TWO,L -12-12-482-014,3880 MAPLE DR,12/19/22,369900,369900,68400,74108,295792,163472,52,
STORY,TWO,L -12-12-109-005,3187 MAPLE DR,06/08/22,401000,401000,68400,77691,323309,214838,68,
STORY,TWO,L -12-12-407-002,3635 MAPLE DR,07/07/22,422000,422000,68400,85190,336810,199027,68,
STORY,TWO,L -12-12-408-025,3701 OAK DR,02/21/23,387000,387000,68400,72383,314617,238880,70,
STORY,TWO,L -12-12-428-018,3789 BEECH DR,07/29/21,236900,236900,68400,72576,164324,181774,62,
STORY,TWO,L -12-12-428-018,3789 BEECH DR,12/16/22,290000,290000,68400,72576,217424,181774,62,
STORY,TWO,L -12-12-429-002,3516 BEECH DR,07/19/21,270000,270000,68400,70638,199362,192657,63,
STORY,TWO,L -12-12-484-025,3848 GOLFSIDE RD,07/15/21,275000,275000,68400,85362,189638,189656,62,
STORY,TWO,L -12-12-428-009,3645 BEECH DR,07/01/22,340000,340000,68400,80510,259490,220402,73,
STORY,TWO,L -12-01-376-038,4526 CENTRAL BLVD,05/06/21,285000,285000,59800,66344,218656,148540,47,
STORY,TWO,L -12-01-430-012,2580 FOSTER AVE,07/07/22,377500,377500,59800,68366,309134,168570,47,
STORY,TWO,L -12-01-431-015,2554 DEAKE AVE,03/25/22,400000,400000,59800,66636,333364,145817,47,
STORY,TWO,L -12-01-432-019,2542 TORREY AVE,09/29/21,112500,112500,59800,59800,52700,82509,47,
STORY,TWO,L -12-01-432-027,2512 TORREY AVE,01/20/23,260000,260000,59800,63535,196465,166292,47,
STORY,TWO,L -12-01-460-010,2621 FOSTER AVE,08/22/22,299900,299900,53820,56877,243023,154254,50,
STORY,TWO,L -12-01-461-016,2833 DEAKE AVE,11/23/21,305000,305000,59800,63465,241535,147323,49,
STORY,TWO,L -12-01-462-004,2673 TORREY AVE,08/09/21,215000,215000,59800,65032,149968,167189,49,
STORY,TWO,L -12-01-463-008,2709 HAWKS AVE,05/27/22,407601,407601,59800,67817,339784,171140,45,
STORY,TWO,L -12-01-463-021,2891 HAWKS AVE,03/31/23,355000,355000,56810,61651,293349,138434,48,
STORY,TWO,L -12-01-463-032,2756 TORREY AVE,08/03/22,365000,365000,59800,65434,299566,160345,49,
STORY,TWO,L -12-01-463-040,2636 TORREY AVE,12/10/21,310000,310000,59800,66196,243804,152336,49,
STORY,TWO,L -12-01-430-014,2560 FOSTER AVE,08/16/21,315000,315000,59800,65655,249345,151263,52,
STORY,TWO,L -12-01-460-014,2701 FOSTER AVE,10/15/21,295000,295000,53820,58616,236384,138463,51,
STORY,TWO,L -12-01-460-025,2899 FOSTER AVE,07/22/22,295000,295000,53820,57194,237806,150153,54,
STORY,TWO,L -12-01-462-018,4617 PACKARD RD,03/30/22,425501,425501,56810,60122,365379,194302,51,
STORY,TWO,L -12-01-462-041,2663 TORREY AVE,09/13/22,315000,315000,59800,66859,248141,193194,60,
STORY,TWO,L -12-01-463-020,2883 HAWKS AVE,02/16/23,406000,406000,59800,63889,342111,191037,58,
STORY,TWO,L -12-01-462-028,2770 DEAKE AVE,02/17/23,328250,328250,59800,64631,263619,190410,66,
STORY,TWO,L -12-01-463-038,2664 TORREY AVE,08/12/21,322000,322000,59800,67056,254944,195891,68,
STORY,TWO,L -12-20-205-015,5471 WATERFIELD CT,07/11/22,615000,615000,128200,142162,472838,581317,0.813,
STORY,TWO,L -12-20-205-052,4701 WILDFLOWER CT,06/14/21,645000,645000,128200,150785,494215,673357,0.734,
STORY,TWO,L -12-20-205-057,4774 WILDFLOWER CT,07/14/22,549900,549900,128200,144697,405203,487890,0.831,
STORY,TWO,L -12-20-205-073,1478 WEST GREENFIELD CT,06/10/22,630000,630000,128200,138667,491333,524244,0.937,
STORY,TWO,L -12-20-205-077,1365 EAST GREENFIELD CT,05/06/22,685000,685000,128200,159374,525626,605498,0.868,
STORY,TWO,L -12-20-205-083,1260 WATERWAYS DR,07/16/21,693500,693500,128200,146138,547362,728902,0.751,
STORY,TWO,L -12-07-105-001,1637 COBURN DR,07/25/22,255000,255000,53000,53000,202000,178460,1.132,
STORY,TWO,L -12-07-105-007,1651 COBURN DR,05/25/22,255000,255000,53000,53000,202000,179549,1.125,
STORY,TWO,L -12-07-105-011,1659 COBURN DR,04/12/22,320000,320000,53000,53000,267000,198698,1.344,
STORY,TWO,L -12-07-105-016,1679 COBURN DR,03/30/23,300000,300000,53000,53554,246446,221531,1.112,
STORY,TWO,L -12-07-105-024,1725 COBURN CT,05/17/22,348500,348500,53000,53000,295500,212568,1.390,
STORY,TWO,L -12-07-105-034,1747 COBURN CT,01/31/22,254900,254900,53000,53000,201900,175105,1.153,
STORY,TWO,L -12-07-105-040,1712 COBURN CT,05/23/22,260000,260000,53000,53000,207000,158176,1.309,
STORY,TWO,L -12-07-105-041,1708 COBURN CT,01/28/22,253000,253000,53000,53000,200000,161260,1.240,
STORY,TWO,L -12-07-105-044,1702 COBURN CT,03/31/23,350000,350000,53000,53619,296381,208041,1.425,
STORY,TWO,L -12-07-105-056,1620 LONG MEADOW TRL,08/25/22,250000,250000,53000,53000,197000,156798,1.256,
STORY,TWO,L -12-07-105-090,1663 WEATHERSTONE DR,10/13/21,233500,233500,53000,53000,180500,146172,1.235,
STORY,TWO,L -12-07-105-093,1665 WEATHERSTONE DR,08/30/22,265000,265000,53000,53000,212000,181052,1.171,
STORY,TWO,L -12-07-105-096,1675 WEATHERSTONE DR,05/28/21,266000,266000,53000,53000,213000,172393,1.236,
STORY,TWO,L -12-07-105-103,1676 WEATHERSTONE DR,06/30/21,222000,222000,53000,53000,169000,150589,1.122,
STORY,TWO,L -12-07-105-116,1583 OAKFIELD DR,06/27/22,215000,215000,53000,53000,162000,139458,1.162,
STORY,TWO,L -12-07-105-118,1587 OAKFIELD DR,03/01/22,250000,250000,53000,53000,197000,140491,1.402,
STORY,TWO,L -12-07-105-120,1573 OAKFIELD DR,05/02/22,218000,218000,53000,53000,165000,138112,1.195,
STORY,TWO,L -12-07-105-127,1565 OAKFIELD DR,10/05/22,240000,240000,53000,53000,187000,153093,1.221,
STORY,TWO,L -12-07-105-133,1559 OAKFIELD DR,10/24/22,245000,245000,53000,53000,192000,155521,1.235,
STORY,TWO,L -12-07-105-149,1695 WEATHERSTONE DR,06/18/21,265000,265000,53000,53000,212000,174643,1.214,
STORY,TWO,L -12-07-105-166,1725 WEATHERSTONE DR,06/21/22,255000,255000,53000,53000,202000,169394,1.192,
STORY,TWO,L -12-07-105-169,1726 WEATHERSTONE DR,06/07/21,275000,275000,53000,53000,222000,196859,1.128,
STORY,TWO,L -12-07-105-171,1734 WEATHERSTONE DR,06/09/21,260000,260000,53000,53000,207000,170484,1.214,
STORY,TWO,L -12-07-105-172,1736 WEATHERSTONE DR,06/17/22,270000,270000,53000,53000,217000,175575,1.236,
STORY,TWO,L -12-07-105-177,1760 WEATHERSTONE DR,05/09/22,255000,255000,53000,53000,202000,173159,1.167,
STORY,TWO,L -12-07-105-179,1768 WEATHERSTONE DR,12/15/22,249900,249900,53000,53000,196900,164199,1.199,
STORY,TWO,L -12-07-105-181,1764 WEATHERSTONE DR,04/20/22,269000,269000,53000,53000,216000,174552,1.237,
STORY,TWO,L -12-07-105-189,1753 WEATHERSTONE DR,01/07/22,255000,255000,53000,53000,202000,178989,1.129,
STORY,TWO,L -12-07-105-193,1777 WEATHERSTONE DR,06/11/21,256000,256000,53000,53000,203000,176420,1.151,
STORY,TWO,L -12-07-105-199,1789 WEATHERSTONE DR,09/09/21,240000,240000,53000,53000,187000,165634,1.129,
STORY,TWO,L -12-07-105-199,1789 WEATHERSTONE DR,02/13/23,265000,265000,53000,53000,212000,165634,1.280,
STORY,TWO,L -12-07-105-226,1523 WEATHERSTONE DR,06/01/22,220000,220000,53000,53000,167000,142917,1.169,
STORY,TWO,L -12-07-105-227,1539 WEATHERSTONE DR,05/02/22,250000,250000,53000,53000,197000,158959,1.239,
STORY,TWO,L -12-07-105-230,1527 WEATHERSTONE DR,04/29/22,225000,225000,53000,53000,172000,144344,1.192,
STORY,TWO,L -12-07-105-235,1565 WEATHERSTONE DR,09/15/22,228500,228500,53000,53000,175500,143409,1.224,
STORY,TWO,L -12-07-105-247,1507 LONG MEADOW TRL,09/28/22,250000,250000,53000,53000,197000,169419,1.163,
STORY,TWO,L -12-07-105-253,1509 LONG MEADOW TRL,12/20/21,240000,240000,53000,53000,187000,160953,1.162,
STORY,TWO,L -12-07-105-254,1515 LONG MEADOW TRL,09/22/21,235000,235000,53000,53000,182000,155155,1.173,
STORY,TWO,L -12-07-105-257,1527 LONG MEADOW TRL,07/01/22,250000,250000,53000,53000,197000,160479,1.228,
STORY,TWO,L -12-07-105-276,1561 LONG MEADOW TRL,03/03/23,220000,220000,53000,53000,167000,147274,1.134,
STORY,TWO,L -12-07-105-279,1575 LONG MEADOW TRL,11/30/22,240000,240000,53000,53000,187000,157641,1.186,
STORY,TWO,L -12-23-360-006,5776 HAMPSHIRE LN,06/01/21,237000,237000,50300,50300,186700,242204,0.771,
STORY,TWO,L -12-23-360-026,5724 HAMPSHIRE LN,09/13/21,244900,244900,50300,50994,193906,233804,0.829,
STORY,TWO,L -12-23-360-039,5692 HAMPSHIRE LN,06/24/22,260000,260000,50300,50994,209006,261332,0.800,
STORY,TWO,L -12-23-360-047,5700 HAMPSHIRE LN,11/30/22,242000,242000,50300,50994,191006,233426,0.818,
STORY,TWO,L -12-23-360-053,5658 HAMPSHIRE LN,04/18/22,247250,247250,50300,50994,196256,234140,0.838,
STORY,TWO,L -12-23-360-054,5656 HAMPSHIRE LN,08/27/21,239000,239000,50300,50300,188700,221885,0.850,
STORY,TWO,L -12-23-360-073,5723 HAMPSHIRE LN,03/16/22,256000,256000,50300,50300,205700,261663,0.786,
STORY,TWO,L -12-23-360-083,5743 HAMPSHIRE LN,08/05/21,230000,230000,50300,50994,179006,233426,0.767,
STORY,TWO,L -12-23-360-084,5745 HAMPSHIRE LN,11/02/22,240000,240000,50300,50300,189700,246531,0.769,
STORY,TWO,L -12-23-360-103,5738 WELLESLEY LN,11/17/21,235000,235000,50300,50300,184700,236341,0.781,
STORY,TWO,L -12-23-360-116,5706 WELLESLEY LN,01/31/22,232000,232000,50300,50994,181006,236011,0.767,
STORY,TWO,L -12-23-360-137,5653 HAMPSHIRE LN,02/22/22,245000,245000,50300,50994,194006,235401,0.824,
STORY,TWO,L -12-23-360-147,5609 HAMPSHIRE LN,11/14/22,250000,250000,50300,50994,199006,263240,0.756,
STORY,TWO,L -12-23-360-150,5615 HAMPSHIRE LN,06/17/21,245500,245500,50300,50300,195200,256324,0.762,
STORY,TWO,L -12-23-360-154,5559 HAMPSHIRE LN,03/01/23,265000,265000,50300,50994,214006,264177,0.810,
STORY,TWO,L -12-23-360-173,5576 HAMPSHIRE LN,09/16/22,248000,248000,50300,50994,197006,262378,0.751,
STORY,TWO,L -12-23-360-184,3404 ENDSLEIGH LN,09/21/22,259000,259000,50300,50994,208006,241453,0.861,
STORY,TWO,L -12-23-360-188,3412 ENDSLEIGH LN,04/22/22,270000,270000,50300,50994,219006,257130,0.852,
STORY,TWO,L -12-23-360-192,3356 ENDSLEIGH LN,03/04/22,256000,256000,50300,50300,205700,259838,0.792,
STORY,TWO,L -12-23-360-197,3366 ENDSLEIGH LN,04/22/22,265000,265000,50300,50300,214700,262128,0.819,
STORY,TWO,L -12-23-360-203,3378 ENDSLEIGH LN,07/25/22,270000,270000,50300,50300,219700,250406,0.877,
STORY,TWO,L -12-24-382-015,4112 PLUM RIDGE DR,04/02/21,349900,349900,75700,82120,267780,405300,0.661,
STORY,TWO,L -12-24-382-017,4088 PLUM RIDGE DR,11/01/21,372000,372000,75700,86384,285616,374980,0.762,
STORY,TWO,L -12-16-405-001,1913 ADDINGTON LN,04/19/22,253000,253000,51100,51100,201900,191685,1.053,
STORY,TWO,L -12-16-405-007,1865 ADDINGTON LN,04/15/22,255000,255000,51100,51563,203437,196378,1.036,
STORY,TWO,L -12-16-405-060,1465 ADDINGTON LN,03/07/22,288000,288000,51100,51100,236900,245695,0.964,
STORY,TWO,L -12-16-405-067,1385 ADDINGTON LN,01/27/23,230000,230000,51100,51569,178431,191208,0.933,
STORY,TWO,L -12-16-405-076,1384 ADDINGTON LN,08/26/21,226000,226000,51100,51100,174900,192030,0.911,
STORY,TWO,L -12-16-405-086,1281 ADDINGTON LN,07/15/21,236500,236500,51100,51100,185400,191200,0.970,
STORY,TWO,L -12-16-405-101,1145 ADDINGTON LN,07/22/22,271000,271000,51100,51100,219900,192030,1.145,
STORY,TWO,L -12-16-405-131,943 ADDINGTON LN,01/20/22,237500,237500,51100,51100,186400,191200,0.975,
STORY,TWO,L -12-16-405-137,895 ADDINGTON LN,06/06/22,231000,231000,51100,51569,179431,190772,0.941,
STORY,TWO,L -12-16-405-140,879 ADDINGTON LN,11/28/22,289900,289900,51100,51100,238800,244128,0.978,
STORY,TWO,L -12-16-405-160,687 ADDINGTON LN,04/01/22,327500,327500,51100,51100,276400,244522,1.130,
STORY,TWO,L -12-16-405-162,647 ADDINGTON LN,07/11/22,275000,275000,51100,51581,223419,191602,1.166,
STORY,TWO,L -12-16-405-164,631 ADDINGTON LN,10/04/21,240000,240000,51100,51677,188323,193822,0.972,
STORY,TWO,L -12-16-405-173,543 ADDINGTON LN,05/31/22,265000,265000,51100,51100,213900,214924,0.995,
STORY,TWO,L -12-16-405-174,535 ADDINGTON LN,08/05/22,263000,263000,51100,51677,211323,193822,1.090,
STORY,TWO,L -12-16-405-180,495 ADDINGTON LN,09/12/22,290000,290000,51100,51100,238900,249328,0.958,
